lat,lon,anomaly
-88.0,2.0,
-88.0,6.0,
-88.0,10.0,
-88.0,14.0,
-88.0,18.0,
-88.0,22.0,
-88.0,26.0,
-88.0,30.0,
-88.0,34.0,
-88.0,38.0,
-88.0,42.0,
-88.0,46.0,
-88.0,50.0,
-88.0,54.0,
-88.0,58.0,
-88.0,62.0,
-88.0,66.0,
-88.0,70.0,
-88.0,74.0,
-88.0,78.0,
-88.0,82.0,
-88.0,86.0,
-88.0,90.0,
-88.0,94.0,
-88.0,98.0,
-88.0,102.0,
-88.0,106.0,
-88.0,110.0,
-88.0,114.0,
-88.0,118.0,
-88.0,122.0,
-88.0,126.0,
-88.0,130.0,
-88.0,134.0,
-88.0,138.0,
-88.0,142.0,
-88.0,146.0,
-88.0,150.0,
-88.0,154.0,
-88.0,158.0,
-88.0,162.0,
-88.0,166.0,
-88.0,170.0,
-88.0,174.0,
-88.0,178.0,
-88.0,182.0,
-88.0,186.0,
-88.0,190.0,
-88.0,194.0,
-88.0,198.0,
-88.0,202.0,
-88.0,206.0,
-88.0,210.0,
-88.0,214.0,
-88.0,218.0,
-88.0,222.0,
-88.0,226.0,
-88.0,230.0,
-88.0,234.0,
-88.0,238.0,
-88.0,242.0,
-88.0,246.0,
-88.0,250.0,
-88.0,254.0,
-88.0,258.0,
-88.0,262.0,
-88.0,266.0,
-88.0,270.0,
-88.0,274.0,
-88.0,278.0,
-88.0,282.0,
-88.0,286.0,
-88.0,290.0,
-88.0,294.0,
-88.0,298.0,
-88.0,302.0,
-88.0,306.0,
-88.0,310.0,
-88.0,314.0,
-88.0,318.0,
-88.0,322.0,
-88.0,326.0,
-88.0,330.0,
-88.0,334.0,
-88.0,338.0,
-88.0,342.0,
-88.0,346.0,
-88.0,350.0,
-88.0,354.0,
-88.0,358.0,
-84.0,2.0,
-84.0,6.0,
-84.0,10.0,
-84.0,14.0,
-84.0,18.0,
-84.0,22.0,
-84.0,26.0,
-84.0,30.0,
-84.0,34.0,
-84.0,38.0,
-84.0,42.0,
-84.0,46.0,
-84.0,50.0,
-84.0,54.0,
-84.0,58.0,
-84.0,62.0,
-84.0,66.0,
-84.0,70.0,
-84.0,74.0,
-84.0,78.0,
-84.0,82.0,
-84.0,86.0,
-84.0,90.0,
-84.0,94.0,
-84.0,98.0,
-84.0,102.0,
-84.0,106.0,
-84.0,110.0,
-84.0,114.0,
-84.0,118.0,
-84.0,122.0,
-84.0,126.0,
-84.0,130.0,
-84.0,134.0,
-84.0,138.0,
-84.0,142.0,
-84.0,146.0,
-84.0,150.0,
-84.0,154.0,
-84.0,158.0,
-84.0,162.0,
-84.0,166.0,
-84.0,170.0,
-84.0,174.0,
-84.0,178.0,
-84.0,182.0,
-84.0,186.0,
-84.0,190.0,
-84.0,194.0,
-84.0,198.0,
-84.0,202.0,
-84.0,206.0,
-84.0,210.0,
-84.0,214.0,
-84.0,218.0,
-84.0,222.0,
-84.0,226.0,
-84.0,230.0,
-84.0,234.0,
-84.0,238.0,
-84.0,242.0,
-84.0,246.0,
-84.0,250.0,
-84.0,254.0,
-84.0,258.0,
-84.0,262.0,
-84.0,266.0,
-84.0,270.0,
-84.0,274.0,
-84.0,278.0,
-84.0,282.0,
-84.0,286.0,
-84.0,290.0,
-84.0,294.0,
-84.0,298.0,
-84.0,302.0,
-84.0,306.0,
-84.0,310.0,
-84.0,314.0,
-84.0,318.0,
-84.0,322.0,
-84.0,326.0,
-84.0,330.0,
-84.0,334.0,
-84.0,338.0,
-84.0,342.0,
-84.0,346.0,
-84.0,350.0,
-84.0,354.0,
-84.0,358.0,
-80.0,2.0,
-80.0,6.0,
-80.0,10.0,
-80.0,14.0,
-80.0,18.0,
-80.0,22.0,
-80.0,26.0,
-80.0,30.0,
-80.0,34.0,
-80.0,38.0,
-80.0,42.0,
-80.0,46.0,
-80.0,50.0,
-80.0,54.0,
-80.0,58.0,
-80.0,62.0,
-80.0,66.0,
-80.0,70.0,
-80.0,74.0,
-80.0,78.0,
-80.0,82.0,
-80.0,86.0,
-80.0,90.0,
-80.0,94.0,
-80.0,98.0,
-80.0,102.0,
-80.0,106.0,
-80.0,110.0,
-80.0,114.0,
-80.0,118.0,
-80.0,122.0,
-80.0,126.0,
-80.0,130.0,
-80.0,134.0,
-80.0,138.0,
-80.0,142.0,
-80.0,146.0,
-80.0,150.0,
-80.0,154.0,
-80.0,158.0,
-80.0,162.0,
-80.0,166.0,
-80.0,170.0,
-80.0,174.0,
-80.0,178.0,
-80.0,182.0,
-80.0,186.0,
-80.0,190.0,
-80.0,194.0,
-80.0,198.0,
-80.0,202.0,
-80.0,206.0,
-80.0,210.0,
-80.0,214.0,
-80.0,218.0,
-80.0,222.0,
-80.0,226.0,
-80.0,230.0,
-80.0,234.0,
-80.0,238.0,
-80.0,242.0,
-80.0,246.0,
-80.0,250.0,
-80.0,254.0,
-80.0,258.0,
-80.0,262.0,
-80.0,266.0,
-80.0,270.0,
-80.0,274.0,
-80.0,278.0,
-80.0,282.0,
-80.0,286.0,
-80.0,290.0,
-80.0,294.0,
-80.0,298.0,
-80.0,302.0,
-80.0,306.0,
-80.0,310.0,
-80.0,314.0,
-80.0,318.0,
-80.0,322.0,
-80.0,326.0,
-80.0,330.0,
-80.0,334.0,
-80.0,338.0,
-80.0,342.0,
-80.0,346.0,
-80.0,350.0,
-80.0,354.0,
-80.0,358.0,
-76.0,2.0,
-76.0,6.0,
-76.0,10.0,
-76.0,14.0,
-76.0,18.0,
-76.0,22.0,
-76.0,26.0,
-76.0,30.0,
-76.0,34.0,
-76.0,38.0,
-76.0,42.0,
-76.0,46.0,
-76.0,50.0,
-76.0,54.0,
-76.0,58.0,
-76.0,62.0,
-76.0,66.0,
-76.0,70.0,
-76.0,74.0,
-76.0,78.0,
-76.0,82.0,
-76.0,86.0,
-76.0,90.0,
-76.0,94.0,
-76.0,98.0,
-76.0,102.0,
-76.0,106.0,
-76.0,110.0,
-76.0,114.0,
-76.0,118.0,
-76.0,122.0,
-76.0,126.0,
-76.0,130.0,
-76.0,134.0,
-76.0,138.0,
-76.0,142.0,
-76.0,146.0,
-76.0,150.0,
-76.0,154.0,
-76.0,158.0,
-76.0,162.0,
-76.0,166.0,0.10066143
-76.0,170.0,0.1071322
-76.0,174.0,0.100349456
-76.0,178.0,0.117011465
-76.0,182.0,0.1371914
-76.0,186.0,0.15884258
-76.0,190.0,0.15021296
-76.0,194.0,0.14056434
-76.0,198.0,0.14574468
-76.0,202.0,0.1533593
-76.0,206.0,0.16184257
-76.0,210.0,0.15080114
-76.0,214.0,0.12660503
-76.0,218.0,0.12466738
-76.0,222.0,0.109811544
-76.0,226.0,0.089885354
-76.0,230.0,
-76.0,234.0,
-76.0,238.0,
-76.0,242.0,
-76.0,246.0,
-76.0,250.0,-0.018834352
-76.0,254.0,0.029245138
-76.0,258.0,0.048307776
-76.0,262.0,
-76.0,266.0,
-76.0,270.0,
-76.0,274.0,
-76.0,278.0,
-76.0,282.0,
-76.0,286.0,
-76.0,290.0,
-76.0,294.0,
-76.0,298.0,
-76.0,302.0,0.0044492483
-76.0,306.0,-0.0030430704
-76.0,310.0,0.003958377
-76.0,314.0,0.015598997
-76.0,318.0,0.027571693
-76.0,322.0,0.037713356
-76.0,326.0,0.047535725
-76.0,330.0,0.059738446
-76.0,334.0,0.07440847
-76.0,338.0,
-76.0,342.0,
-76.0,346.0,
-76.0,350.0,
-76.0,354.0,
-76.0,358.0,
-72.0,2.0,
-72.0,6.0,
-72.0,10.0,
-72.0,14.0,
-72.0,18.0,
-72.0,22.0,
-72.0,26.0,
-72.0,30.0,
-72.0,34.0,
-72.0,38.0,
-72.0,42.0,
-72.0,46.0,
-72.0,50.0,
-72.0,54.0,
-72.0,58.0,
-72.0,62.0,
-72.0,66.0,
-72.0,70.0,
-72.0,74.0,
-72.0,78.0,
-72.0,82.0,
-72.0,86.0,
-72.0,90.0,
-72.0,94.0,
-72.0,98.0,
-72.0,102.0,
-72.0,106.0,
-72.0,110.0,
-72.0,114.0,
-72.0,118.0,
-72.0,122.0,
-72.0,126.0,
-72.0,130.0,
-72.0,134.0,
-72.0,138.0,
-72.0,142.0,
-72.0,146.0,
-72.0,150.0,
-72.0,154.0,
-72.0,158.0,
-72.0,162.0,
-72.0,166.0,
-72.0,170.0,0.1016037
-72.0,174.0,0.09395494
-72.0,178.0,0.11732414
-72.0,182.0,0.12616484
-72.0,186.0,0.104098506
-72.0,190.0,0.065442435
-72.0,194.0,0.05773458
-72.0,198.0,0.06672454
-72.0,202.0,0.083739534
-72.0,206.0,0.10634184
-72.0,210.0,0.12874958
-72.0,214.0,0.14974764
-72.0,218.0,0.16791017
-72.0,222.0,0.172865
-72.0,226.0,0.14361642
-72.0,230.0,0.09322359
-72.0,234.0,0.050268453
-72.0,238.0,0.020965174
-72.0,242.0,0.022956409
-72.0,246.0,0.031412713
-72.0,250.0,0.077954456
-72.0,254.0,0.121154346
-72.0,258.0,0.11271702
-72.0,262.0,0.0833706
-72.0,266.0,0.064839624
-72.0,270.0,0.10081839
-72.0,274.0,0.119937815
-72.0,278.0,0.13021952
-72.0,282.0,0.18846972
-72.0,286.0,0.16652942
-72.0,290.0,
-72.0,294.0,
-72.0,298.0,0.05558324
-72.0,302.0,0.012564629
-72.0,306.0,0.01496125
-72.0,310.0,0.029196009
-72.0,314.0,0.044398576
-72.0,318.0,0.063974075
-72.0,322.0,0.08308763
-72.0,326.0,0.10220496
-72.0,330.0,0.12824824
-72.0,334.0,0.14407805
-72.0,338.0,0.15741284
-72.0,342.0,0.17172912
-72.0,346.0,0.16115008
-72.0,350.0,0.14355855
-72.0,354.0,
-72.0,358.0,
-68.0,2.0,0.22264671
-68.0,6.0,0.24473411
-68.0,10.0,0.25623342
-68.0,14.0,0.2825289
-68.0,18.0,0.29349396
-68.0,22.0,0.34905797
-68.0,26.0,0.41000646
-68.0,30.0,0.46105412
-68.0,34.0,0.44818124
-68.0,38.0,0.4458538
-68.0,42.0,0.53210557
-68.0,46.0,0.59202164
-68.0,50.0,0.59883296
-68.0,54.0,
-68.0,58.0,0.32818452
-68.0,62.0,0.31395316
-68.0,66.0,0.23787616
-68.0,70.0,0.19455901
-68.0,74.0,0.23283231
-68.0,78.0,0.28393945
-68.0,82.0,0.27543026
-68.0,86.0,0.26184714
-68.0,90.0,0.1929071
-68.0,94.0,0.18209743
-68.0,98.0,
-68.0,102.0,
-68.0,106.0,
-68.0,110.0,0.16699243
-68.0,114.0,
-68.0,118.0,0.17299397
-68.0,122.0,0.2131849
-68.0,126.0,0.20331657
-68.0,130.0,0.15271914
-68.0,134.0,
-68.0,138.0,0.18780679
-68.0,142.0,0.1781125
-68.0,146.0,0.10621431
-68.0,150.0,0.096355066
-68.0,154.0,0.080429755
-68.0,158.0,0.06982913
-68.0,162.0,0.08598595
-68.0,166.0,0.11175817
-68.0,170.0,0.119874515
-68.0,174.0,0.12187404
-68.0,178.0,0.10481933
-68.0,182.0,0.080375016
-68.0,186.0,0.07150056
-68.0,190.0,0.07595823
-68.0,194.0,0.07353838
-68.0,198.0,0.063230805
-68.0,202.0,0.047136255
-68.0,206.0,0.0360583
-68.0,210.0,0.054253004
-68.0,214.0,0.0935765
-68.0,218.0,0.14106968
-68.0,222.0,0.17576358
-68.0,226.0,0.20161726
-68.0,230.0,0.22152343
-68.0,234.0,0.22848248
-68.0,238.0,0.24129282
-68.0,242.0,0.25977594
-68.0,246.0,0.27477017
-68.0,250.0,0.29652512
-68.0,254.0,0.33325243
-68.0,258.0,0.37544635
-68.0,262.0,0.3883168
-68.0,266.0,0.3636576
-68.0,270.0,0.34968582
-68.0,274.0,0.36553618
-68.0,278.0,0.39773187
-68.0,282.0,0.4137739
-68.0,286.0,0.40533802
-68.0,290.0,0.41901436
-68.0,294.0,0.57557094
-68.0,298.0,0.07386851
-68.0,302.0,0.13573602
-68.0,306.0,0.11305017
-68.0,310.0,0.09623474
-68.0,314.0,0.09579254
-68.0,318.0,0.102035545
-68.0,322.0,0.1146128
-68.0,326.0,0.13733454
-68.0,330.0,0.18009496
-68.0,334.0,0.21635443
-68.0,338.0,0.23170246
-68.0,342.0,0.22490752
-68.0,346.0,0.21751913
-68.0,350.0,0.21146873
-68.0,354.0,0.20705712
-68.0,358.0,0.2069439
-64.0,2.0,0.22682357
-64.0,6.0,0.24291962
-64.0,10.0,0.294327
-64.0,14.0,0.38213965
-64.0,18.0,0.49990755
-64.0,22.0,0.6567588
-64.0,26.0,0.7904998
-64.0,30.0,0.86070585
-64.0,34.0,0.8965727
-64.0,38.0,0.9273584
-64.0,42.0,0.9120175
-64.0,46.0,0.9072719
-64.0,50.0,0.93496895
-64.0,54.0,0.9391068
-64.0,58.0,0.8693895
-64.0,62.0,0.75811565
-64.0,66.0,0.6197077
-64.0,70.0,0.5715946
-64.0,74.0,0.4985996
-64.0,78.0,0.42111194
-64.0,82.0,0.3645692
-64.0,86.0,0.2747296
-64.0,90.0,0.24174023
-64.0,94.0,0.25347808
-64.0,98.0,0.2637098
-64.0,102.0,0.26630038
-64.0,106.0,0.23945746
-64.0,110.0,0.24512982
-64.0,114.0,0.24170026
-64.0,118.0,0.2546178
-64.0,122.0,0.25249192
-64.0,126.0,0.25628346
-64.0,130.0,0.2681647
-64.0,134.0,0.28101602
-64.0,138.0,0.27571142
-64.0,142.0,0.31677562
-64.0,146.0,0.35835263
-64.0,150.0,0.31141716
-64.0,154.0,0.22337887
-64.0,158.0,0.23352113
-64.0,162.0,0.29164922
-64.0,166.0,0.35202467
-64.0,170.0,0.41052592
-64.0,174.0,0.37374282
-64.0,178.0,0.30644995
-64.0,182.0,0.27998492
-64.0,186.0,0.23483153
-64.0,190.0,0.20796026
-64.0,194.0,0.2104137
-64.0,198.0,0.18756899
-64.0,202.0,0.14070514
-64.0,206.0,0.09321031
-64.0,210.0,0.06828533
-64.0,214.0,0.12686613
-64.0,218.0,0.2670727
-64.0,222.0,0.36603236
-64.0,226.0,0.43217826
-64.0,230.0,0.48960307
-64.0,234.0,0.5180552
-64.0,238.0,0.5587189
-64.0,242.0,0.5993185
-64.0,246.0,0.63058895
-64.0,250.0,0.6743112
-64.0,254.0,0.72974604
-64.0,258.0,0.775787
-64.0,262.0,0.7898393
-64.0,266.0,0.77012014
-64.0,270.0,0.756291
-64.0,274.0,0.73648775
-64.0,278.0,0.66888356
-64.0,282.0,0.5838872
-64.0,286.0,0.53180385
-64.0,290.0,0.54688644
-64.0,294.0,0.60539997
-64.0,298.0,0.7210283
-64.0,302.0,0.42017454
-64.0,306.0,0.2411546
-64.0,310.0,0.20059931
-64.0,314.0,0.16827628
-64.0,318.0,0.13197914
-64.0,322.0,0.1118525
-64.0,326.0,0.11088136
-64.0,330.0,0.13279048
-64.0,334.0,0.16923559
-64.0,338.0,0.20572327
-64.0,342.0,0.22783607
-64.0,346.0,0.225166
-64.0,350.0,0.215516
-64.0,354.0,0.21491061
-64.0,358.0,0.22070107
-60.0,2.0,0.375418
-60.0,6.0,0.40741825
-60.0,10.0,0.5855473
-60.0,14.0,0.88959414
-60.0,18.0,1.1526098
-60.0,22.0,1.2193953
-60.0,26.0,1.1305813
-60.0,30.0,1.0771592
-60.0,34.0,1.0265714
-60.0,38.0,0.9748312
-60.0,42.0,0.9534055
-60.0,46.0,0.9488828
-60.0,50.0,0.94976974
-60.0,54.0,0.9760876
-60.0,58.0,0.9891638
-60.0,62.0,0.9700186
-60.0,66.0,0.88312453
-60.0,70.0,0.75805587
-60.0,74.0,0.53067607
-60.0,78.0,0.39299992
-60.0,82.0,0.30156446
-60.0,86.0,0.21533856
-60.0,90.0,0.21897928
-60.0,94.0,0.2377789
-60.0,98.0,0.26596093
-60.0,102.0,0.31700915
-60.0,106.0,0.3906407
-60.0,110.0,0.4568907
-60.0,114.0,0.50589794
-60.0,118.0,0.5332639
-60.0,122.0,0.5898959
-60.0,126.0,0.6478131
-60.0,130.0,0.6626079
-60.0,134.0,0.6571982
-60.0,138.0,0.64400494
-60.0,142.0,0.653491
-60.0,146.0,0.6468769
-60.0,150.0,0.5332996
-60.0,154.0,0.50436866
-60.0,158.0,0.5580814
-60.0,162.0,0.6413708
-60.0,166.0,0.7077042
-60.0,170.0,0.5773661
-60.0,174.0,0.49154562
-60.0,178.0,0.44018245
-60.0,182.0,0.42779055
-60.0,186.0,0.42449898
-60.0,190.0,0.4085122
-60.0,194.0,0.40637684
-60.0,198.0,0.370736
-60.0,202.0,0.33164054
-60.0,206.0,0.25507072
-60.0,210.0,0.15571494
-60.0,214.0,0.11167725
-60.0,218.0,0.2905417
-60.0,222.0,0.4377175
-60.0,226.0,0.50314295
-60.0,230.0,0.526985
-60.0,234.0,0.45797843
-60.0,238.0,0.44722843
-60.0,242.0,0.47937962
-60.0,246.0,0.506704
-60.0,250.0,0.54671395
-60.0,254.0,0.58693737
-60.0,258.0,0.61718065
-60.0,262.0,0.63578093
-60.0,266.0,0.63489604
-60.0,270.0,0.61467785
-60.0,274.0,0.5926968
-60.0,278.0,0.5866733
-60.0,282.0,0.57992893
-60.0,286.0,0.56815034
-60.0,290.0,0.5672576
-60.0,294.0,0.5948789
-60.0,298.0,0.6012471
-60.0,302.0,0.60586107
-60.0,306.0,0.56258374
-60.0,310.0,0.5191184
-60.0,314.0,0.44392174
-60.0,318.0,0.39269394
-60.0,322.0,0.3704486
-60.0,326.0,0.3397537
-60.0,330.0,0.31096664
-60.0,334.0,0.3312747
-60.0,338.0,0.39095968
-60.0,342.0,0.42654556
-60.0,346.0,0.45459396
-60.0,350.0,0.44971085
-60.0,354.0,0.43489918
-60.0,358.0,0.40473622
-56.0,2.0,0.7308905
-56.0,6.0,0.71785307
-56.0,10.0,0.85486746
-56.0,14.0,1.0862024
-56.0,18.0,1.1782094
-56.0,22.0,1.1105876
-56.0,26.0,0.8622652
-56.0,30.0,0.7145355
-56.0,34.0,0.7097755
-56.0,38.0,0.71964824
-56.0,42.0,0.7616555
-56.0,46.0,0.7537018
-56.0,50.0,0.7187089
-56.0,54.0,0.72465783
-56.0,58.0,0.7233204
-56.0,62.0,0.68651414
-56.0,66.0,0.64230853
-56.0,70.0,0.5666044
-56.0,74.0,0.46995005
-56.0,78.0,0.48229983
-56.0,82.0,0.5152294
-56.0,86.0,0.5999594
-56.0,90.0,0.69195545
-56.0,94.0,0.66195244
-56.0,98.0,0.62440443
-56.0,102.0,0.6302702
-56.0,106.0,0.6724389
-56.0,110.0,0.6653384
-56.0,114.0,0.6570865
-56.0,118.0,0.63778824
-56.0,122.0,0.62743956
-56.0,126.0,0.6099123
-56.0,130.0,0.5965605
-56.0,134.0,0.59107447
-56.0,138.0,0.6011809
-56.0,142.0,0.60498244
-56.0,146.0,0.5845193
-56.0,150.0,0.5856268
-56.0,154.0,0.5689568
-56.0,158.0,0.52617514
-56.0,162.0,0.55042815
-56.0,166.0,0.51919043
-56.0,170.0,0.48289293
-56.0,174.0,0.49183583
-56.0,178.0,0.46129605
-56.0,182.0,0.44657847
-56.0,186.0,0.4480184
-56.0,190.0,0.4498449
-56.0,194.0,0.43833783
-56.0,198.0,0.41615504
-56.0,202.0,0.4123212
-56.0,206.0,0.38305688
-56.0,210.0,0.34672934
-56.0,214.0,0.2946015
-56.0,218.0,0.31244564
-56.0,222.0,0.33275634
-56.0,226.0,0.3064533
-56.0,230.0,0.33368602
-56.0,234.0,0.38114917
-56.0,238.0,0.38509881
-56.0,242.0,0.39803126
-56.0,246.0,0.40436077
-56.0,250.0,0.41004783
-56.0,254.0,0.4457784
-56.0,258.0,0.4675239
-56.0,262.0,0.4702506
-56.0,266.0,0.4725019
-56.0,270.0,0.48250967
-56.0,274.0,0.48109075
-56.0,278.0,0.47065052
-56.0,282.0,0.43040535
-56.0,286.0,0.33302706
-56.0,290.0,0.2834992
-56.0,294.0,0.32638335
-56.0,298.0,0.35366583
-56.0,302.0,0.33082694
-56.0,306.0,0.3525793
-56.0,310.0,0.40334433
-56.0,314.0,0.49308407
-56.0,318.0,0.56015074
-56.0,322.0,0.5715916
-56.0,326.0,0.6140353
-56.0,330.0,0.66372746
-56.0,334.0,0.6452552
-56.0,338.0,0.67357427
-56.0,342.0,0.7141228
-56.0,346.0,0.79358757
-56.0,350.0,0.8208642
-56.0,354.0,0.7747985
-56.0,358.0,0.7453852
-52.0,2.0,0.86486065
-52.0,6.0,0.8991238
-52.0,10.0,0.9610015
-52.0,14.0,0.82939905
-52.0,18.0,0.799952
-52.0,22.0,0.79274523
-52.0,26.0,0.7653613
-52.0,30.0,0.6372497
-52.0,34.0,0.60859
-52.0,38.0,0.6377684
-52.0,42.0,0.6572251
-52.0,46.0,0.63536763
-52.0,50.0,0.6292299
-52.0,54.0,0.6557652
-52.0,58.0,0.68023586
-52.0,62.0,0.57787204
-52.0,66.0,0.47945136
-52.0,70.0,0.4490493
-52.0,74.0,0.39365187
-52.0,78.0,0.3801073
-52.0,82.0,0.9757272
-52.0,86.0,0.80298686
-52.0,90.0,0.85312974
-52.0,94.0,0.7181699
-52.0,98.0,0.75126946
-52.0,102.0,0.7203797
-52.0,106.0,0.70031226
-52.0,110.0,0.6819233
-52.0,114.0,0.64317906
-52.0,118.0,0.6105284
-52.0,122.0,0.6041295
-52.0,126.0,0.57780683
-52.0,130.0,0.5345304
-52.0,134.0,0.5173185
-52.0,138.0,0.5102564
-52.0,142.0,0.5136919
-52.0,146.0,0.48378548
-52.0,150.0,0.4785124
-52.0,154.0,0.4338252
-52.0,158.0,0.3903513
-52.0,162.0,0.4255319
-52.0,166.0,0.46631607
-52.0,170.0,0.4537398
-52.0,174.0,0.469042
-52.0,178.0,0.49847555
-52.0,182.0,0.5077869
-52.0,186.0,0.50104594
-52.0,190.0,0.48061332
-52.0,194.0,0.4540915
-52.0,198.0,0.43042937
-52.0,202.0,0.44779578
-52.0,206.0,0.4661869
-52.0,210.0,0.41854173
-52.0,214.0,0.34268612
-52.0,218.0,0.31566507
-52.0,222.0,0.37828034
-52.0,226.0,0.43119827
-52.0,230.0,0.41547376
-52.0,234.0,0.39311224
-52.0,238.0,0.3863617
-52.0,242.0,0.38121986
-52.0,246.0,0.3725614
-52.0,250.0,0.4095319
-52.0,254.0,0.45144814
-52.0,258.0,0.48634118
-52.0,262.0,0.50175595
-52.0,266.0,0.50863284
-52.0,270.0,0.5026941
-52.0,274.0,0.48882776
-52.0,278.0,0.44532818
-52.0,282.0,0.3401077
-52.0,286.0,0.3174324
-52.0,290.0,0.57160693
-52.0,294.0,0.52718484
-52.0,298.0,0.48673487
-52.0,302.0,0.42950517
-52.0,306.0,0.38300955
-52.0,310.0,0.42160097
-52.0,314.0,0.5252196
-52.0,318.0,0.5661999
-52.0,322.0,0.5884132
-52.0,326.0,0.6236021
-52.0,330.0,0.6369303
-52.0,334.0,0.6258844
-52.0,338.0,0.6194465
-52.0,342.0,0.70679533
-52.0,346.0,0.80720943
-52.0,350.0,0.8230941
-52.0,354.0,0.7272255
-52.0,358.0,0.77787244
-48.0,2.0,0.5534035
-48.0,6.0,0.6051379
-48.0,10.0,0.6326163
-48.0,14.0,0.5541085
-48.0,18.0,0.523419
-48.0,22.0,0.53928053
-48.0,26.0,0.5477941
-48.0,30.0,0.53123665
-48.0,34.0,0.565938
-48.0,38.0,0.60718966
-48.0,42.0,0.62961596
-48.0,46.0,0.6264162
-48.0,50.0,0.6316699
-48.0,54.0,0.6565027
-48.0,58.0,0.6564064
-48.0,62.0,0.48533252
-48.0,66.0,0.44208768
-48.0,70.0,0.48767972
-48.0,74.0,0.52022827
-48.0,78.0,0.5905616
-48.0,82.0,0.7091315
-48.0,86.0,0.700093
-48.0,90.0,0.6669321
-48.0,94.0,0.6649003
-48.0,98.0,0.6737835
-48.0,102.0,0.6496332
-48.0,106.0,0.6364997
-48.0,110.0,0.6234262
-48.0,114.0,0.6045044
-48.0,118.0,0.5764799
-48.0,122.0,0.5597884
-48.0,126.0,0.5372939
-48.0,130.0,0.51522994
-48.0,134.0,0.49690872
-48.0,138.0,0.5036098
-48.0,142.0,0.52545166
-48.0,146.0,0.54526764
-48.0,150.0,0.5499071
-48.0,154.0,0.5583607
-48.0,158.0,0.59316367
-48.0,162.0,0.6500849
-48.0,166.0,0.67377734
-48.0,170.0,0.6189012
-48.0,174.0,0.5864433
-48.0,178.0,0.57379544
-48.0,182.0,0.5545665
-48.0,186.0,0.5489769
-48.0,190.0,0.5401475
-48.0,194.0,0.53784823
-48.0,198.0,0.53541887
-48.0,202.0,0.53609425
-48.0,206.0,0.5299246
-48.0,210.0,0.5072806
-48.0,214.0,0.50424135
-48.0,218.0,0.52018005
-48.0,222.0,0.5390669
-48.0,226.0,0.5446999
-48.0,230.0,0.5491468
-48.0,234.0,0.560128
-48.0,238.0,0.56572485
-48.0,242.0,0.546823
-48.0,246.0,0.5176455
-48.0,250.0,0.50828063
-48.0,254.0,0.5147289
-48.0,258.0,0.5403228
-48.0,262.0,0.5511877
-48.0,266.0,0.5494753
-48.0,270.0,0.5315891
-48.0,274.0,0.502787
-48.0,278.0,0.43547234
-48.0,282.0,0.3792833
-48.0,286.0,0.41953546
-48.0,290.0,
-48.0,294.0,0.6327401
-48.0,298.0,0.615483
-48.0,302.0,0.56774867
-48.0,306.0,0.6210054
-48.0,310.0,0.7650412
-48.0,314.0,0.73684084
-48.0,318.0,0.73248124
-48.0,322.0,0.7266657
-48.0,326.0,0.72347087
-48.0,330.0,0.7091283
-48.0,334.0,0.68235034
-48.0,338.0,0.6474496
-48.0,342.0,0.5314897
-48.0,346.0,0.5633458
-48.0,350.0,0.64328796
-48.0,354.0,0.5109907
-48.0,358.0,0.51138544
-44.0,2.0,0.4099303
-44.0,6.0,0.47738916
-44.0,10.0,0.5284137
-44.0,14.0,0.56972
-44.0,18.0,0.5981099
-44.0,22.0,0.64918756
-44.0,26.0,0.6813737
-44.0,30.0,0.6927947
-44.0,34.0,0.6991859
-44.0,38.0,0.74951535
-44.0,42.0,0.6920312
-44.0,46.0,0.6133048
-44.0,50.0,0.6256701
-44.0,54.0,0.6765442
-44.0,58.0,0.7560846
-44.0,62.0,0.7049765
-44.0,66.0,0.6289339
-44.0,70.0,0.63199294
-44.0,74.0,0.6408136
-44.0,78.0,0.6350651
-44.0,82.0,0.6359095
-44.0,86.0,0.6284085
-44.0,90.0,0.63149506
-44.0,94.0,0.61858845
-44.0,98.0,0.5828161
-44.0,102.0,0.585214
-44.0,106.0,0.5948247
-44.0,110.0,0.58426255
-44.0,114.0,0.5739175
-44.0,118.0,0.54782766
-44.0,122.0,0.5289678
-44.0,126.0,0.51553404
-44.0,130.0,0.5082508
-44.0,134.0,0.49810702
-44.0,138.0,0.55573726
-44.0,142.0,0.75198954
-44.0,146.0,0.9656681
-44.0,150.0,1.0737565
-44.0,154.0,0.8760806
-44.0,158.0,0.8325062
-44.0,162.0,0.8537659
-44.0,166.0,0.8538457
-44.0,170.0,0.8346899
-44.0,174.0,0.64639544
-44.0,178.0,0.5898661
-44.0,182.0,0.5793218
-44.0,186.0,0.590981
-44.0,190.0,0.56792456
-44.0,194.0,0.5497927
-44.0,198.0,0.53117293
-44.0,202.0,0.5313338
-44.0,206.0,0.55215275
-44.0,210.0,0.5943296
-44.0,214.0,0.64278096
-44.0,218.0,0.6886886
-44.0,222.0,0.7240789
-44.0,226.0,0.73107904
-44.0,230.0,0.7261355
-44.0,234.0,0.69848937
-44.0,238.0,0.6635737
-44.0,242.0,0.61776793
-44.0,246.0,0.5798406
-44.0,250.0,0.57335013
-44.0,254.0,0.57326674
-44.0,258.0,0.6031739
-44.0,262.0,0.6105638
-44.0,266.0,0.6118543
-44.0,270.0,0.6001943
-44.0,274.0,0.5577428
-44.0,278.0,0.49010468
-44.0,282.0,0.44820464
-44.0,286.0,0.50356996
-44.0,290.0,
-44.0,294.0,0.62402314
-44.0,298.0,0.65698284
-44.0,302.0,1.3862362
-44.0,306.0,1.11519
-44.0,310.0,0.9717918
-44.0,314.0,0.75311667
-44.0,318.0,0.672083
-44.0,322.0,0.60392714
-44.0,326.0,0.5673403
-44.0,330.0,0.4961723
-44.0,334.0,0.46092367
-44.0,338.0,0.26042455
-44.0,342.0,0.08138001
-44.0,346.0,0.21846676
-44.0,350.0,0.24337584
-44.0,354.0,0.27395302
-44.0,358.0,0.34232438
-40.0,2.0,0.57051086
-40.0,6.0,0.7449123
-40.0,10.0,0.85992146
-40.0,14.0,0.8445401
-40.0,18.0,0.7920806
-40.0,22.0,0.7473139
-40.0,26.0,0.71986145
-40.0,30.0,0.71181875
-40.0,34.0,0.71077895
-40.0,38.0,0.7332292
-40.0,42.0,0.74967694
-40.0,46.0,0.7746731
-40.0,50.0,0.78266567
-40.0,54.0,0.81585455
-40.0,58.0,0.827701
-40.0,62.0,0.7864126
-40.0,66.0,0.753638
-40.0,70.0,0.696582
-40.0,74.0,0.63708633
-40.0,78.0,0.592503
-40.0,82.0,0.5349371
-40.0,86.0,0.47595334
-40.0,90.0,0.46720243
-40.0,94.0,0.47755718
-40.0,98.0,0.50634974
-40.0,102.0,0.55491275
-40.0,106.0,0.59579355
-40.0,110.0,0.58091223
-40.0,114.0,0.5122617
-40.0,118.0,0.43398684
-40.0,122.0,0.45240915
-40.0,126.0,0.52767384
-40.0,130.0,0.56781876
-40.0,134.0,0.5526463
-40.0,138.0,0.55202794
-40.0,142.0,0.6602287
-40.0,146.0,0.8275931
-40.0,150.0,1.2461689
-40.0,154.0,1.0851705
-40.0,158.0,0.96362275
-40.0,162.0,0.93390864
-40.0,166.0,0.92042905
-40.0,170.0,0.9296887
-40.0,174.0,0.9209579
-40.0,178.0,0.6108372
-40.0,182.0,0.5694386
-40.0,186.0,0.53750116
-40.0,190.0,0.53269637
-40.0,194.0,0.5042432
-40.0,198.0,0.46378785
-40.0,202.0,0.47218317
-40.0,206.0,0.5263647
-40.0,210.0,0.59262806
-40.0,214.0,0.654739
-40.0,218.0,0.67964345
-40.0,222.0,0.6877288
-40.0,226.0,0.6760912
-40.0,230.0,0.68983614
-40.0,234.0,0.6810013
-40.0,238.0,0.65471286
-40.0,242.0,0.6367767
-40.0,246.0,0.618063
-40.0,250.0,0.6150085
-40.0,254.0,0.62981397
-40.0,258.0,0.6459425
-40.0,262.0,0.6565876
-40.0,266.0,0.69641715
-40.0,270.0,0.68868595
-40.0,274.0,0.61923695
-40.0,278.0,0.555975
-40.0,282.0,0.49979937
-40.0,286.0,0.48515075
-40.0,290.0,
-40.0,294.0,0.7112274
-40.0,298.0,0.9726931
-40.0,302.0,1.286263
-40.0,306.0,0.35520828
-40.0,310.0,0.28884685
-40.0,314.0,0.3355149
-40.0,318.0,0.3533638
-40.0,322.0,0.350335
-40.0,326.0,0.29868472
-40.0,330.0,0.23383307
-40.0,334.0,0.18510455
-40.0,338.0,0.16823024
-40.0,342.0,0.1699447
-40.0,346.0,0.17520332
-40.0,350.0,0.23288071
-40.0,354.0,0.32126445
-40.0,358.0,0.44563347
-36.0,2.0,0.5507446
-36.0,6.0,0.57790506
-36.0,10.0,0.59177387
-36.0,14.0,0.61179435
-36.0,18.0,0.5794735
-36.0,22.0,0.5766133
-36.0,26.0,0.5969441
-36.0,30.0,0.6080754
-36.0,34.0,0.66480505
-36.0,38.0,0.81822693
-36.0,42.0,0.8857679
-36.0,46.0,0.88852197
-36.0,50.0,0.85947305
-36.0,54.0,0.8215251
-36.0,58.0,0.76947623
-36.0,62.0,0.7183574
-36.0,66.0,0.6810384
-36.0,70.0,0.6193599
-36.0,74.0,0.5446929
-36.0,78.0,0.49029064
-36.0,82.0,0.40494543
-36.0,86.0,0.33888602
-36.0,90.0,0.34654164
-36.0,94.0,0.40120178
-36.0,98.0,0.535983
-36.0,102.0,0.7054001
-36.0,106.0,0.69706655
-36.0,110.0,0.58763146
-36.0,114.0,0.52563214
-36.0,118.0,0.36895704
-36.0,122.0,0.40722436
-36.0,126.0,0.5355787
-36.0,130.0,0.56898516
-36.0,134.0,0.52244455
-36.0,138.0,0.5511603
-36.0,142.0,
-36.0,146.0,
-36.0,150.0,0.9977226
-36.0,154.0,0.8752787
-36.0,158.0,0.7965038
-36.0,162.0,0.79290366
-36.0,166.0,0.8658489
-36.0,170.0,0.9350275
-36.0,174.0,0.8743734
-36.0,178.0,0.6437285
-36.0,182.0,0.48795688
-36.0,186.0,0.43045545
-36.0,190.0,0.4236747
-36.0,194.0,0.3984325
-36.0,198.0,0.3815483
-36.0,202.0,0.38548493
-36.0,206.0,0.41799688
-36.0,210.0,0.46670562
-36.0,214.0,0.53266954
-36.0,218.0,0.5357625
-36.0,222.0,0.5244247
-36.0,226.0,0.51429075
-36.0,230.0,0.5217805
-36.0,234.0,0.55662024
-36.0,238.0,0.5717526
-36.0,242.0,0.54294974
-36.0,246.0,0.5271277
-36.0,250.0,0.569483
-36.0,254.0,0.62488675
-36.0,258.0,0.6697327
-36.0,262.0,0.70858866
-36.0,266.0,0.7463145
-36.0,270.0,0.73572135
-36.0,274.0,0.6965618
-36.0,278.0,0.6178757
-36.0,282.0,0.5297452
-36.0,286.0,0.52135855
-36.0,290.0,
-36.0,294.0,
-36.0,298.0,
-36.0,302.0,0.45225716
-36.0,306.0,0.29211345
-36.0,310.0,0.2539965
-36.0,314.0,0.26853228
-36.0,318.0,0.25734055
-36.0,322.0,0.23616397
-36.0,326.0,0.23408341
-36.0,330.0,0.21042871
-36.0,334.0,0.19869554
-36.0,338.0,0.23922253
-36.0,342.0,0.2823246
-36.0,346.0,0.29905534
-36.0,350.0,0.3276468
-36.0,354.0,0.39996457
-36.0,358.0,0.49349213
-32.0,2.0,0.50108874
-32.0,6.0,0.5336338
-32.0,10.0,0.5713252
-32.0,14.0,0.62356746
-32.0,18.0,0.64476174
-32.0,22.0,
-32.0,26.0,0.51227
-32.0,30.0,0.587957
-32.0,34.0,0.6977998
-32.0,38.0,0.8349775
-32.0,42.0,0.80216086
-32.0,46.0,0.7494948
-32.0,50.0,0.71065056
-32.0,54.0,0.7022574
-32.0,58.0,0.6989238
-32.0,62.0,0.6654253
-32.0,66.0,0.6319181
-32.0,70.0,0.6105647
-32.0,74.0,0.56923676
-32.0,78.0,0.53699255
-32.0,82.0,0.49619102
-32.0,86.0,0.4521047
-32.0,90.0,0.45537496
-32.0,94.0,0.5180693
-32.0,98.0,0.6602383
-32.0,102.0,0.7544228
-32.0,106.0,0.6562129
-32.0,110.0,0.6043948
-32.0,114.0,0.62895805
-32.0,118.0,
-32.0,122.0,
-32.0,126.0,0.49409103
-32.0,130.0,0.5734957
-32.0,134.0,0.55143166
-32.0,138.0,
-32.0,142.0,
-32.0,146.0,
-32.0,150.0,0.6280136
-32.0,154.0,0.34188387
-32.0,158.0,0.30668902
-32.0,162.0,0.43111503
-32.0,166.0,0.5739466
-32.0,170.0,0.6968217
-32.0,174.0,0.65476763
-32.0,178.0,0.52487695
-32.0,182.0,0.44124222
-32.0,186.0,0.39396107
-32.0,190.0,0.3781252
-32.0,194.0,0.3849386
-32.0,198.0,0.38984728
-32.0,202.0,0.3761884
-32.0,206.0,0.39175916
-32.0,210.0,0.4511521
-32.0,214.0,0.49434328
-32.0,218.0,0.49879336
-32.0,222.0,0.48778486
-32.0,226.0,0.46847177
-32.0,230.0,0.47017467
-32.0,234.0,0.4920231
-32.0,238.0,0.49562943
-32.0,242.0,0.47598875
-32.0,246.0,0.49509978
-32.0,250.0,0.58287454
-32.0,254.0,0.6829313
-32.0,258.0,0.7590171
-32.0,262.0,0.79138637
-32.0,266.0,0.7966827
-32.0,270.0,0.78825474
-32.0,274.0,0.7574303
-32.0,278.0,0.68140584
-32.0,282.0,0.57225925
-32.0,286.0,0.5185
-32.0,290.0,
-32.0,294.0,
-32.0,298.0,
-32.0,302.0,
-32.0,306.0,0.2360115
-32.0,310.0,0.2643763
-32.0,314.0,0.2292397
-32.0,318.0,0.21271944
-32.0,322.0,0.18955386
-32.0,326.0,0.19793415
-32.0,330.0,0.23684001
-32.0,334.0,0.28729498
-32.0,338.0,0.3219868
-32.0,342.0,0.365489
-32.0,346.0,0.3827833
-32.0,350.0,0.38115442
-32.0,354.0,0.40638995
-32.0,358.0,0.45090926
-28.0,2.0,0.5380465
-28.0,6.0,0.5797951
-28.0,10.0,0.6232885
-28.0,14.0,0.69731647
-28.0,18.0,0.6824188
-28.0,22.0,
-28.0,26.0,
-28.0,30.0,0.54083633
-28.0,34.0,0.6074829
-28.0,38.0,0.660818
-28.0,42.0,0.67024136
-28.0,46.0,0.6633334
-28.0,50.0,0.6982751
-28.0,54.0,0.66995776
-28.0,58.0,0.62188995
-28.0,62.0,0.5906005
-28.0,66.0,0.58083546
-28.0,70.0,0.58614254
-28.0,74.0,0.5928645
-28.0,78.0,0.59325504
-28.0,82.0,0.5802667
-28.0,86.0,0.58521855
-28.0,90.0,0.6214467
-28.0,94.0,0.6738454
-28.0,98.0,0.69834113
-28.0,102.0,0.6495614
-28.0,106.0,0.631395
-28.0,110.0,0.6710894
-28.0,114.0,0.70443577
-28.0,118.0,
-28.0,122.0,
-28.0,126.0,
-28.0,130.0,
-28.0,134.0,
-28.0,138.0,
-28.0,142.0,
-28.0,146.0,
-28.0,150.0,
-28.0,154.0,0.2813406
-28.0,158.0,0.33393323
-28.0,162.0,0.46829593
-28.0,166.0,0.54208064
-28.0,170.0,0.5559075
-28.0,174.0,0.52505696
-28.0,178.0,0.4456849
-28.0,182.0,0.40390754
-28.0,186.0,0.3869933
-28.0,190.0,0.3805586
-28.0,194.0,0.3873409
-28.0,198.0,0.37109947
-28.0,202.0,0.37670577
-28.0,206.0,0.4420662
-28.0,210.0,0.5150887
-28.0,214.0,0.56878006
-28.0,218.0,0.5768126
-28.0,222.0,0.5587034
-28.0,226.0,0.52983654
-28.0,230.0,0.53417933
-28.0,234.0,0.5533116
-28.0,238.0,0.57747364
-28.0,242.0,0.60698545
-28.0,246.0,0.646057
-28.0,250.0,0.709322
-28.0,254.0,0.77783763
-28.0,258.0,0.83166015
-28.0,262.0,0.8823503
-28.0,266.0,0.8911905
-28.0,270.0,0.86483216
-28.0,274.0,0.80349576
-28.0,278.0,0.69433725
-28.0,282.0,0.53882015
-28.0,286.0,0.42751372
-28.0,290.0,0.37002882
-28.0,294.0,
-28.0,298.0,
-28.0,302.0,
-28.0,306.0,
-28.0,310.0,0.27073747
-28.0,314.0,0.32144392
-28.0,318.0,0.3312348
-28.0,322.0,0.31046975
-28.0,326.0,0.34350348
-28.0,330.0,0.39238966
-28.0,334.0,0.42320895
-28.0,338.0,0.42909122
-28.0,342.0,0.44436073
-28.0,346.0,0.46527112
-28.0,350.0,0.4755813
-28.0,354.0,0.4911989
-28.0,358.0,0.51042485
-24.0,2.0,0.6656071
-24.0,6.0,0.67633486
-24.0,10.0,0.71288407
-24.0,14.0,0.7788025
-24.0,18.0,
-24.0,22.0,
-24.0,26.0,
-24.0,30.0,
-24.0,34.0,0.57989436
-24.0,38.0,0.6110835
-24.0,42.0,0.61541206
-24.0,46.0,0.59007025
-24.0,50.0,0.601882
-24.0,54.0,0.54996634
-24.0,58.0,0.52290905
-24.0,62.0,0.5109894
-24.0,66.0,0.50390685
-24.0,70.0,0.5124837
-24.0,74.0,0.5361427
-24.0,78.0,0.5606587
-24.0,82.0,0.5880532
-24.0,86.0,0.63248146
-24.0,90.0,0.66076005
-24.0,94.0,0.6783042
-24.0,98.0,0.6911552
-24.0,102.0,0.72216094
-24.0,106.0,0.75818527
-24.0,110.0,0.7642983
-24.0,114.0,0.77302027
-24.0,118.0,
-24.0,122.0,
-24.0,126.0,
-24.0,130.0,
-24.0,134.0,
-24.0,138.0,
-24.0,142.0,
-24.0,146.0,
-24.0,150.0,0.47313118
-24.0,154.0,0.39280778
-24.0,158.0,0.5225506
-24.0,162.0,0.56852424
-24.0,166.0,0.5236819
-24.0,170.0,0.4687544
-24.0,174.0,0.40661156
-24.0,178.0,0.32347524
-24.0,182.0,0.27942538
-24.0,186.0,0.27496612
-24.0,190.0,0.31350696
-24.0,194.0,0.35882008
-24.0,198.0,0.40021062
-24.0,202.0,0.47056496
-24.0,206.0,0.5727365
-24.0,210.0,0.6351497
-24.0,214.0,0.6505375
-24.0,218.0,0.66710055
-24.0,222.0,0.69825315
-24.0,226.0,0.721074
-24.0,230.0,0.74937344
-24.0,234.0,0.7889787
-24.0,238.0,0.81722724
-24.0,242.0,0.8479502
-24.0,246.0,0.8809072
-24.0,250.0,0.9259168
-24.0,254.0,0.96453416
-24.0,258.0,0.9988946
-24.0,262.0,1.0064974
-24.0,266.0,0.9731966
-24.0,270.0,0.902287
-24.0,274.0,0.81240237
-24.0,278.0,0.6703893
-24.0,282.0,0.4817431
-24.0,286.0,0.34643412
-24.0,290.0,0.3407321
-24.0,294.0,
-24.0,298.0,
-24.0,302.0,
-24.0,306.0,
-24.0,310.0,0.25401115
-24.0,314.0,0.3973875
-24.0,318.0,0.5103636
-24.0,322.0,0.5269283
-24.0,326.0,0.5755136
-24.0,330.0,0.5722561
-24.0,334.0,0.55458665
-24.0,338.0,0.5536096
-24.0,342.0,0.5632509
-24.0,346.0,0.5777725
-24.0,350.0,0.59691834
-24.0,354.0,0.62226605
-24.0,358.0,0.65179193
-20.0,2.0,0.79283905
-20.0,6.0,0.80351317
-20.0,10.0,0.8205056
-20.0,14.0,0.7622361
-20.0,18.0,
-20.0,22.0,
-20.0,26.0,
-20.0,30.0,
-20.0,34.0,0.55508184
-20.0,38.0,0.6042393
-20.0,42.0,0.5692805
-20.0,46.0,
-20.0,50.0,0.51436895
-20.0,54.0,0.50194454
-20.0,58.0,0.49695563
-20.0,62.0,0.49481
-20.0,66.0,0.5005325
-20.0,70.0,0.53020227
-20.0,74.0,0.5759711
-20.0,78.0,0.619908
-20.0,82.0,0.66265297
-20.0,86.0,0.69450426
-20.0,90.0,0.7161671
-20.0,94.0,0.74531686
-20.0,98.0,0.788571
-20.0,102.0,0.83491075
-20.0,106.0,0.83749616
-20.0,110.0,0.816375
-20.0,114.0,0.8115938
-20.0,118.0,0.87946
-20.0,122.0,0.89744884
-20.0,126.0,
-20.0,130.0,
-20.0,134.0,
-20.0,138.0,
-20.0,142.0,
-20.0,146.0,0.4703045
-20.0,150.0,0.49743983
-20.0,154.0,0.51153886
-20.0,158.0,0.5595585
-20.0,162.0,0.51609087
-20.0,166.0,0.4405303
-20.0,170.0,0.35682893
-20.0,174.0,0.2985034
-20.0,178.0,0.24582577
-20.0,182.0,0.25904286
-20.0,186.0,0.32534134
-20.0,190.0,0.4033829
-20.0,194.0,0.47652507
-20.0,198.0,0.5663464
-20.0,202.0,0.65209687
-20.0,206.0,0.711416
-20.0,210.0,0.75464356
-20.0,214.0,0.78418875
-20.0,218.0,0.85470724
-20.0,222.0,0.93401384
-20.0,226.0,0.9851794
-20.0,230.0,1.0238429
-20.0,234.0,1.046396
-20.0,238.0,1.0602326
-20.0,242.0,1.0764651
-20.0,246.0,1.0878308
-20.0,250.0,1.0929569
-20.0,254.0,1.0901921
-20.0,258.0,1.0801706
-20.0,262.0,1.043099
-20.0,266.0,0.9796636
-20.0,270.0,0.8860141
-20.0,274.0,0.756704
-20.0,278.0,0.59485126
-20.0,282.0,0.43930018
-20.0,286.0,0.342633
-20.0,290.0,0.32511878
-20.0,294.0,
-20.0,298.0,
-20.0,302.0,
-20.0,306.0,
-20.0,310.0,
-20.0,314.0,
-20.0,318.0,0.64418983
-20.0,322.0,0.64934564
-20.0,326.0,0.72058237
-20.0,330.0,0.685132
-20.0,334.0,0.66249764
-20.0,338.0,0.6507478
-20.0,342.0,0.6540965
-20.0,346.0,0.67518187
-20.0,350.0,0.70703495
-20.0,354.0,0.74721205
-20.0,358.0,0.7854841
-16.0,2.0,0.84025025
-16.0,6.0,0.8878976
-16.0,10.0,0.97846246
-16.0,14.0,1.0087109
-16.0,18.0,
-16.0,22.0,
-16.0,26.0,
-16.0,30.0,
-16.0,34.0,
-16.0,38.0,0.5873308
-16.0,42.0,0.56639344
-16.0,46.0,0.4672977
-16.0,50.0,0.495423
-16.0,54.0,0.5437343
-16.0,58.0,0.56143546
-16.0,62.0,0.56809783
-16.0,66.0,0.5913483
-16.0,70.0,0.6392747
-16.0,74.0,0.68135667
-16.0,78.0,0.7190887
-16.0,82.0,0.75057435
-16.0,86.0,0.7789134
-16.0,90.0,0.801038
-16.0,94.0,0.8186072
-16.0,98.0,0.83401287
-16.0,102.0,0.85043085
-16.0,106.0,0.85986876
-16.0,110.0,0.83863497
-16.0,114.0,0.8412411
-16.0,118.0,0.83875585
-16.0,122.0,0.8125998
-16.0,126.0,0.79410076
-16.0,130.0,0.8139963
-16.0,134.0,
-16.0,138.0,0.7567934
-16.0,142.0,0.7324626
-16.0,146.0,0.4786466
-16.0,150.0,0.5297595
-16.0,154.0,0.53899956
-16.0,158.0,0.514297
-16.0,162.0,0.47951758
-16.0,166.0,0.42912292
-16.0,170.0,0.3650986
-16.0,174.0,0.34083736
-16.0,178.0,0.34749553
-16.0,182.0,0.4119444
-16.0,186.0,0.5172491
-16.0,190.0,0.59923255
-16.0,194.0,0.666463
-16.0,198.0,0.73298204
-16.0,202.0,0.81043804
-16.0,206.0,0.87845767
-16.0,210.0,0.948262
-16.0,214.0,1.0159405
-16.0,218.0,1.0682616
-16.0,222.0,1.1115108
-16.0,226.0,1.1412435
-16.0,230.0,1.148539
-16.0,234.0,1.1401587
-16.0,238.0,1.1240127
-16.0,242.0,1.1127666
-16.0,246.0,1.096699
-16.0,250.0,1.0556542
-16.0,254.0,1.0031936
-16.0,258.0,0.9671254
-16.0,262.0,0.9287281
-16.0,266.0,0.8680898
-16.0,270.0,0.7648424
-16.0,274.0,0.6581571
-16.0,278.0,0.5649494
-16.0,282.0,0.52412856
-16.0,286.0,0.48241496
-16.0,290.0,
-16.0,294.0,
-16.0,298.0,
-16.0,302.0,
-16.0,306.0,
-16.0,310.0,
-16.0,314.0,
-16.0,318.0,
-16.0,322.0,0.7368762
-16.0,326.0,0.78835404
-16.0,330.0,0.76583683
-16.0,334.0,0.75295746
-16.0,338.0,0.73955274
-16.0,342.0,0.7416822
-16.0,346.0,0.756979
-16.0,350.0,0.77554834
-16.0,354.0,0.80357873
-16.0,358.0,0.8230444
-12.0,2.0,0.8955271
-12.0,6.0,0.9555117
-12.0,10.0,1.0428358
-12.0,14.0,1.0510947
-12.0,18.0,
-12.0,22.0,
-12.0,26.0,
-12.0,30.0,
-12.0,34.0,
-12.0,38.0,
-12.0,42.0,0.57956654
-12.0,46.0,0.54180634
-12.0,50.0,0.543971
-12.0,54.0,0.5860379
-12.0,58.0,0.6068871
-12.0,62.0,0.6287699
-12.0,66.0,0.653744
-12.0,70.0,0.6858214
-12.0,74.0,0.7125807
-12.0,78.0,0.7387699
-12.0,82.0,0.7782619
-12.0,86.0,0.82396805
-12.0,90.0,0.86656785
-12.0,94.0,0.89455223
-12.0,98.0,0.9030274
-12.0,102.0,0.89548826
-12.0,106.0,0.8729031
-12.0,110.0,0.8438873
-12.0,114.0,0.81592166
-12.0,118.0,0.7649056
-12.0,122.0,0.7368474
-12.0,126.0,0.75386417
-12.0,130.0,0.7272242
-12.0,134.0,0.672173
-12.0,138.0,0.69043934
-12.0,142.0,0.57336515
-12.0,146.0,0.49085128
-12.0,150.0,0.48640943
-12.0,154.0,0.48146963
-12.0,158.0,0.49647558
-12.0,162.0,0.47551095
-12.0,166.0,0.4516921
-12.0,170.0,0.44166374
-12.0,174.0,0.4671358
-12.0,178.0,0.5336571
-12.0,182.0,0.6227746
-12.0,186.0,0.69648707
-12.0,190.0,0.7445018
-12.0,194.0,0.79190946
-12.0,198.0,0.8467463
-12.0,202.0,0.91512966
-12.0,206.0,0.9871725
-12.0,210.0,1.0412812
-12.0,214.0,1.073319
-12.0,218.0,1.0808637
-12.0,222.0,1.071257
-12.0,226.0,1.0641389
-12.0,230.0,1.0435019
-12.0,234.0,1.0231457
-12.0,238.0,1.0048834
-12.0,242.0,1.0010331
-12.0,246.0,0.9960995
-12.0,250.0,0.95302105
-12.0,254.0,0.91553867
-12.0,258.0,0.90037847
-12.0,262.0,0.8545264
-12.0,266.0,0.78199005
-12.0,270.0,0.6916466
-12.0,274.0,0.61697376
-12.0,278.0,0.548795
-12.0,282.0,0.55324775
-12.0,286.0,
-12.0,290.0,
-12.0,294.0,
-12.0,298.0,
-12.0,302.0,
-12.0,306.0,
-12.0,310.0,
-12.0,314.0,
-12.0,318.0,
-12.0,322.0,0.71944165
-12.0,326.0,0.76319206
-12.0,330.0,0.763922
-12.0,334.0,0.76405823
-12.0,338.0,0.7596712
-12.0,342.0,0.75570846
-12.0,346.0,0.75969493
-12.0,350.0,0.7895242
-12.0,354.0,0.81845987
-12.0,358.0,0.84241307
-8.0,2.0,0.94500804
-8.0,6.0,1.040318
-8.0,10.0,1.1031078
-8.0,14.0,1.1297951
-8.0,18.0,
-8.0,22.0,
-8.0,26.0,
-8.0,30.0,
-8.0,34.0,
-8.0,38.0,0.5358906
-8.0,42.0,0.5759152
-8.0,46.0,0.5727793
-8.0,50.0,0.5787215
-8.0,54.0,0.6199424
-8.0,58.0,0.6408316
-8.0,62.0,0.6631528
-8.0,66.0,0.7041408
-8.0,70.0,0.7472404
-8.0,74.0,0.77691615
-8.0,78.0,0.7945415
-8.0,82.0,0.79566085
-8.0,86.0,0.8268273
-8.0,90.0,0.87177026
-8.0,94.0,0.9074259
-8.0,98.0,0.9220984
-8.0,102.0,0.9068787
-8.0,106.0,0.85796505
-8.0,110.0,0.7744073
-8.0,114.0,0.74893993
-8.0,118.0,0.70945865
-8.0,122.0,0.65537006
-8.0,126.0,0.6562476
-8.0,130.0,0.6543914
-8.0,134.0,0.6509962
-8.0,138.0,0.65895563
-8.0,142.0,0.59183025
-8.0,146.0,0.5535649
-8.0,150.0,0.45661938
-8.0,154.0,0.47047615
-8.0,158.0,0.5256499
-8.0,162.0,0.53075874
-8.0,166.0,0.5698639
-8.0,170.0,0.62666404
-8.0,174.0,0.6678387
-8.0,178.0,0.723312
-8.0,182.0,0.7972671
-8.0,186.0,0.8456758
-8.0,190.0,0.8767278
-8.0,194.0,0.89964306
-8.0,198.0,0.9247236
-8.0,202.0,0.94123065
-8.0,206.0,0.9558295
-8.0,210.0,0.971503
-8.0,214.0,0.97426414
-8.0,218.0,0.9659598
-8.0,222.0,0.95232034
-8.0,226.0,0.9399127
-8.0,230.0,0.9210627
-8.0,234.0,0.90273345
-8.0,238.0,0.88969564
-8.0,242.0,0.8858552
-8.0,246.0,0.88027287
-8.0,250.0,0.8667021
-8.0,254.0,0.8523048
-8.0,258.0,0.81765497
-8.0,262.0,0.7699721
-8.0,266.0,0.71765745
-8.0,270.0,0.6529126
-8.0,274.0,0.59815454
-8.0,278.0,0.5401287
-8.0,282.0,0.52295303
-8.0,286.0,
-8.0,290.0,
-8.0,294.0,
-8.0,298.0,
-8.0,302.0,
-8.0,306.0,
-8.0,310.0,
-8.0,314.0,
-8.0,318.0,
-8.0,322.0,
-8.0,326.0,0.7280221
-8.0,330.0,0.77194
-8.0,334.0,0.780622
-8.0,338.0,0.7785151
-8.0,342.0,0.7834079
-8.0,346.0,0.7980794
-8.0,350.0,0.8262644
-8.0,354.0,0.85361755
-8.0,358.0,0.8805181
-4.0,2.0,1.0248432
-4.0,6.0,1.0947284
-4.0,10.0,1.1351339
-4.0,14.0,
-4.0,18.0,
-4.0,22.0,
-4.0,26.0,
-4.0,30.0,
-4.0,34.0,
-4.0,38.0,0.5352516
-4.0,42.0,0.544937
-4.0,46.0,0.5561863
-4.0,50.0,0.5621462
-4.0,54.0,0.6109253
-4.0,58.0,0.6433377
-4.0,62.0,0.6666939
-4.0,66.0,0.7025318
-4.0,70.0,0.7396058
-4.0,74.0,0.77017164
-4.0,78.0,0.7920029
-4.0,82.0,0.8039787
-4.0,86.0,0.7828772
-4.0,90.0,0.76869285
-4.0,94.0,0.7730448
-4.0,98.0,0.79761815
-4.0,102.0,0.81978244
-4.0,106.0,0.59632707
-4.0,110.0,0.6594
-4.0,114.0,0.6795311
-4.0,118.0,0.65879786
-4.0,122.0,0.6125014
-4.0,126.0,0.62732375
-4.0,130.0,0.6239886
-4.0,134.0,0.6495155
-4.0,138.0,0.620018
-4.0,142.0,0.59539175
-4.0,146.0,0.55719435
-4.0,150.0,0.56878567
-4.0,154.0,0.6193572
-4.0,158.0,0.69889295
-4.0,162.0,0.7397207
-4.0,166.0,0.7891228
-4.0,170.0,0.83798873
-4.0,174.0,0.86740196
-4.0,178.0,0.8937148
-4.0,182.0,0.9123877
-4.0,186.0,0.92283
-4.0,190.0,0.9353962
-4.0,194.0,0.937423
-4.0,198.0,0.93968093
-4.0,202.0,0.94190145
-4.0,206.0,0.9287919
-4.0,210.0,0.9231416
-4.0,214.0,0.9184356
-4.0,218.0,0.9106045
-4.0,222.0,0.89248943
-4.0,226.0,0.8631911
-4.0,230.0,0.83816195
-4.0,234.0,0.8104973
-4.0,238.0,0.79195905
-4.0,242.0,0.77610517
-4.0,246.0,0.7701794
-4.0,250.0,0.76369
-4.0,254.0,0.748911
-4.0,258.0,0.7309753
-4.0,262.0,0.71897876
-4.0,266.0,0.69156754
-4.0,270.0,0.6432333
-4.0,274.0,0.60304916
-4.0,278.0,0.52567613
-4.0,282.0,
-4.0,286.0,
-4.0,290.0,
-4.0,294.0,
-4.0,298.0,
-4.0,302.0,
-4.0,306.0,
-4.0,310.0,
-4.0,314.0,
-4.0,318.0,0.7521865
-4.0,322.0,0.74990654
-4.0,326.0,0.8024509
-4.0,330.0,0.8611909
-4.0,334.0,0.8710283
-4.0,338.0,0.87196624
-4.0,342.0,0.8680717
-4.0,346.0,0.86723876
-4.0,350.0,0.8856251
-4.0,354.0,0.9261975
-4.0,358.0,0.96908796
0.0,2.0,0.98437726
0.0,6.0,1.045823
0.0,10.0,1.060585
0.0,14.0,
0.0,18.0,
0.0,22.0,
0.0,26.0,
0.0,30.0,
0.0,34.0,
0.0,38.0,
0.0,42.0,0.50888026
0.0,46.0,0.54330957
0.0,50.0,0.5983666
0.0,54.0,0.6442369
0.0,58.0,0.65955806
0.0,62.0,0.66600907
0.0,66.0,0.65814924
0.0,70.0,0.65138495
0.0,74.0,0.655519
0.0,78.0,0.6746521
0.0,82.0,0.6884619
0.0,86.0,0.6780617
0.0,90.0,0.6798241
0.0,94.0,0.6922381
0.0,98.0,0.6925846
0.0,102.0,0.59458286
0.0,106.0,0.6262839
0.0,110.0,0.6025895
0.0,114.0,
0.0,118.0,0.6401037
0.0,122.0,0.6092142
0.0,126.0,0.6346004
0.0,130.0,0.6296355
0.0,134.0,0.6739556
0.0,138.0,0.6767156
0.0,142.0,0.6619921
0.0,146.0,0.6837542
0.0,150.0,0.7114512
0.0,154.0,0.7374604
0.0,158.0,0.7510401
0.0,162.0,0.746169
0.0,166.0,0.7486186
0.0,170.0,0.7499393
0.0,174.0,0.7490995
0.0,178.0,0.7512325
0.0,182.0,0.7563728
0.0,186.0,0.7647846
0.0,190.0,0.76998127
0.0,194.0,0.76248646
0.0,198.0,0.74467015
0.0,202.0,0.7246889
0.0,206.0,0.6919185
0.0,210.0,0.66677356
0.0,214.0,0.64732397
0.0,218.0,0.64984775
0.0,222.0,0.6476222
0.0,226.0,0.62623787
0.0,230.0,0.61306787
0.0,234.0,0.60411346
0.0,238.0,0.5995183
0.0,242.0,0.5964825
0.0,246.0,0.59309936
0.0,250.0,0.58343244
0.0,254.0,0.56962216
0.0,258.0,0.57293403
0.0,262.0,0.56767726
0.0,266.0,0.55348384
0.0,270.0,0.5267992
0.0,274.0,0.4740529
0.0,278.0,0.4261438
0.0,282.0,0.4770565
0.0,286.0,
0.0,290.0,
0.0,294.0,
0.0,298.0,
0.0,302.0,
0.0,306.0,
0.0,310.0,0.71103823
0.0,314.0,0.7339809
0.0,318.0,0.74170756
0.0,322.0,0.786651
0.0,326.0,0.848078
0.0,330.0,0.9111115
0.0,334.0,0.95375
0.0,338.0,0.97832453
0.0,342.0,0.98167586
0.0,346.0,0.9792329
0.0,350.0,0.9673991
0.0,354.0,0.9462855
0.0,358.0,0.94696486
4.0,2.0,0.7963928
4.0,6.0,0.8995309
4.0,10.0,0.9694567
4.0,14.0,
4.0,18.0,
4.0,22.0,
4.0,26.0,
4.0,30.0,
4.0,34.0,
4.0,38.0,
4.0,42.0,
4.0,46.0,0.5853958
4.0,50.0,0.63138604
4.0,54.0,0.6649405
4.0,58.0,0.6753161
4.0,62.0,0.6657239
4.0,66.0,0.64232016
4.0,70.0,0.6240969
4.0,74.0,0.62440634
4.0,78.0,0.65385044
4.0,82.0,0.6705209
4.0,86.0,0.6847465
4.0,90.0,0.65671957
4.0,94.0,0.62393165
4.0,98.0,0.5725952
4.0,102.0,0.5619537
4.0,106.0,0.63780105
4.0,110.0,0.6002031
4.0,114.0,0.60876495
4.0,118.0,0.6393656
4.0,122.0,0.6372626
4.0,126.0,0.7070254
4.0,130.0,0.6973803
4.0,134.0,0.68944573
4.0,138.0,0.7060753
4.0,142.0,0.68965423
4.0,146.0,0.69133294
4.0,150.0,0.7104089
4.0,154.0,0.7364874
4.0,158.0,0.7458613
4.0,162.0,0.7185612
4.0,166.0,0.6883818
4.0,170.0,0.6822227
4.0,174.0,0.6865859
4.0,178.0,0.69869745
4.0,182.0,0.7040942
4.0,186.0,0.6996709
4.0,190.0,0.7052796
4.0,194.0,0.6970352
4.0,198.0,0.66554654
4.0,202.0,0.6325027
4.0,206.0,0.603129
4.0,210.0,0.5669255
4.0,214.0,0.54529977
4.0,218.0,0.5425341
4.0,222.0,0.52976763
4.0,226.0,0.5268477
4.0,230.0,0.5109415
4.0,234.0,0.52213156
4.0,238.0,0.5284568
4.0,242.0,0.5248598
4.0,246.0,0.5441295
4.0,250.0,0.57261944
4.0,254.0,0.5779482
4.0,258.0,0.5633192
4.0,262.0,0.5492077
4.0,266.0,0.55364656
4.0,270.0,0.55877316
4.0,274.0,0.49120677
4.0,278.0,0.4776113
4.0,282.0,0.5713737
4.0,286.0,
4.0,290.0,
4.0,294.0,
4.0,298.0,
4.0,302.0,
4.0,306.0,0.7220173
4.0,310.0,0.7201232
4.0,314.0,0.6950488
4.0,318.0,0.69519055
4.0,322.0,0.72451115
4.0,326.0,0.7586738
4.0,330.0,0.77725744
4.0,334.0,0.7964692
4.0,338.0,0.8172358
4.0,342.0,0.8135196
4.0,346.0,0.79664946
4.0,350.0,0.7651885
4.0,354.0,0.7572314
4.0,358.0,0.764973
8.0,2.0,
8.0,6.0,
8.0,10.0,
8.0,14.0,
8.0,18.0,
8.0,22.0,
8.0,26.0,
8.0,30.0,
8.0,34.0,
8.0,38.0,
8.0,42.0,
8.0,46.0,
8.0,50.0,0.5956197
8.0,54.0,0.62206185
8.0,58.0,0.6779988
8.0,62.0,0.7083837
8.0,66.0,0.709538
8.0,70.0,0.69068277
8.0,74.0,0.6582551
8.0,78.0,0.6527214
8.0,82.0,0.65101004
8.0,86.0,0.6810653
8.0,90.0,0.651055
8.0,94.0,0.6126025
8.0,98.0,0.5666322
8.0,102.0,0.56186235
8.0,106.0,0.61033285
8.0,110.0,0.5971774
8.0,114.0,0.570562
8.0,118.0,0.60870457
8.0,122.0,0.60272944
8.0,126.0,0.6508359
8.0,130.0,0.753917
8.0,134.0,0.69642615
8.0,138.0,0.658345
8.0,142.0,0.6550894
8.0,146.0,0.67762077
8.0,150.0,0.7037711
8.0,154.0,0.70867205
8.0,158.0,0.703195
8.0,162.0,0.6879792
8.0,166.0,0.68645227
8.0,170.0,0.7092384
8.0,174.0,0.7496165
8.0,178.0,0.7815536
8.0,182.0,0.79395545
8.0,186.0,0.79325247
8.0,190.0,0.7758366
8.0,194.0,0.752666
8.0,198.0,0.72712886
8.0,202.0,0.69270563
8.0,206.0,0.65061426
8.0,210.0,0.6089957
8.0,214.0,0.579836
8.0,218.0,0.55416656
8.0,222.0,0.54574037
8.0,226.0,0.54747057
8.0,230.0,0.5519793
8.0,234.0,0.55701506
8.0,238.0,0.57757735
8.0,242.0,0.6140791
8.0,246.0,0.648985
8.0,250.0,0.66048276
8.0,254.0,0.68042624
8.0,258.0,0.6928333
8.0,262.0,0.688915
8.0,266.0,0.6717998
8.0,270.0,0.6176952
8.0,274.0,0.5613168
8.0,278.0,0.5546825
8.0,282.0,0.60435146
8.0,286.0,
8.0,290.0,
8.0,294.0,
8.0,298.0,0.72524834
8.0,302.0,0.7201877
8.0,306.0,0.71748936
8.0,310.0,0.6921773
8.0,314.0,0.6779882
8.0,318.0,0.67502964
8.0,322.0,0.6680205
8.0,326.0,0.6658026
8.0,330.0,0.6580894
8.0,334.0,0.6426214
8.0,338.0,0.6447488
8.0,342.0,0.6441159
8.0,346.0,0.59261423
8.0,350.0,0.6198311
8.0,354.0,
8.0,358.0,
12.0,2.0,
12.0,6.0,
12.0,10.0,
12.0,14.0,
12.0,18.0,
12.0,22.0,
12.0,26.0,
12.0,30.0,
12.0,34.0,
12.0,38.0,
12.0,42.0,0.66428757
12.0,46.0,0.66567445
12.0,50.0,0.66172343
12.0,54.0,0.6348721
12.0,58.0,0.6922847
12.0,62.0,0.75343144
12.0,66.0,0.7584926
12.0,70.0,0.7058853
12.0,74.0,0.63115025
12.0,78.0,
12.0,82.0,0.6660086
12.0,86.0,0.6852133
12.0,90.0,0.6545445
12.0,94.0,0.6050978
12.0,98.0,0.5547302
12.0,102.0,0.5266181
12.0,106.0,0.5528183
12.0,110.0,0.5755983
12.0,114.0,0.6061237
12.0,118.0,0.61857355
12.0,122.0,0.5865664
12.0,126.0,0.6484635
12.0,130.0,0.67699504
12.0,134.0,0.6600609
12.0,138.0,0.6674622
12.0,142.0,0.6779039
12.0,146.0,0.7063463
12.0,150.0,0.7407291
12.0,154.0,0.7586471
12.0,158.0,0.7722806
12.0,162.0,0.79052913
12.0,166.0,0.81775594
12.0,170.0,0.8447019
12.0,174.0,0.8643478
12.0,178.0,0.8745884
12.0,182.0,0.8741938
12.0,186.0,0.8628634
12.0,190.0,0.8354881
12.0,194.0,0.80124116
12.0,198.0,0.7725204
12.0,202.0,0.73429
12.0,206.0,0.6891887
12.0,210.0,0.64890075
12.0,214.0,0.6151904
12.0,218.0,0.59845877
12.0,222.0,0.59761095
12.0,226.0,0.61279154
12.0,230.0,0.6358762
12.0,234.0,0.6693634
12.0,238.0,0.68926287
12.0,242.0,0.71355
12.0,246.0,0.7368547
12.0,250.0,0.75256526
12.0,254.0,0.7601254
12.0,258.0,0.7544148
12.0,262.0,0.73598635
12.0,266.0,0.7247819
12.0,270.0,0.63577235
12.0,274.0,0.5159237
12.0,278.0,0.6517346
12.0,282.0,0.6425675
12.0,286.0,0.6452812
12.0,290.0,0.68730205
12.0,294.0,0.6908674
12.0,298.0,0.70838064
12.0,302.0,0.7019906
12.0,306.0,0.679358
12.0,310.0,0.654091
12.0,314.0,0.64282537
12.0,318.0,0.6346781
12.0,322.0,0.6297269
12.0,326.0,0.6299784
12.0,330.0,0.62341046
12.0,334.0,0.6189656
12.0,338.0,0.6085141
12.0,342.0,0.5591018
12.0,346.0,0.53401184
12.0,350.0,
12.0,354.0,
12.0,358.0,
16.0,2.0,
16.0,6.0,
16.0,10.0,
16.0,14.0,
16.0,18.0,
16.0,22.0,
16.0,26.0,
16.0,30.0,
16.0,34.0,
16.0,38.0,0.5272989
16.0,42.0,0.5717161
16.0,46.0,
16.0,50.0,0.64433223
16.0,54.0,0.6621194
16.0,58.0,0.6885158
16.0,62.0,0.74850523
16.0,66.0,0.7569468
16.0,70.0,0.6770787
16.0,74.0,0.59319264
16.0,78.0,
16.0,82.0,0.64124924
16.0,86.0,0.6595216
16.0,90.0,0.6444545
16.0,94.0,0.56920856
16.0,98.0,0.5128484
16.0,102.0,
16.0,106.0,0.2625707
16.0,110.0,0.4750707
16.0,114.0,0.5883857
16.0,118.0,0.6220584
16.0,122.0,0.62298656
16.0,126.0,0.6684103
16.0,130.0,0.69531214
16.0,134.0,0.70606804
16.0,138.0,0.7118801
16.0,142.0,0.70948386
16.0,146.0,0.7230401
16.0,150.0,0.74802315
16.0,154.0,0.7763244
16.0,158.0,0.80369616
16.0,162.0,0.8342389
16.0,166.0,0.85558164
16.0,170.0,0.8742868
16.0,174.0,0.8972752
16.0,178.0,0.9119626
16.0,182.0,0.9245378
16.0,186.0,0.92185676
16.0,190.0,0.9026873
16.0,194.0,0.8828429
16.0,198.0,0.85838604
16.0,202.0,0.82423866
16.0,206.0,0.7844746
16.0,210.0,0.74746287
16.0,214.0,0.70967853
16.0,218.0,0.6804055
16.0,222.0,0.65470433
16.0,226.0,0.6330476
16.0,230.0,0.628343
16.0,234.0,0.661106
16.0,238.0,0.7223728
16.0,242.0,0.7458558
16.0,246.0,0.7518629
16.0,250.0,0.77995276
16.0,254.0,0.8299488
16.0,258.0,0.80924135
16.0,262.0,0.7276075
16.0,266.0,0.70722824
16.0,270.0,
16.0,274.0,0.72553897
16.0,278.0,0.7177987
16.0,282.0,0.711483
16.0,286.0,0.7150998
16.0,290.0,0.70985126
16.0,294.0,0.70526886
16.0,298.0,0.6894288
16.0,302.0,0.65953326
16.0,306.0,0.6280569
16.0,310.0,0.59944
16.0,314.0,0.5813751
16.0,318.0,0.5624684
16.0,322.0,0.5470952
16.0,326.0,0.5390233
16.0,330.0,0.53047025
16.0,334.0,0.52331793
16.0,338.0,0.5205473
16.0,342.0,0.49911103
16.0,346.0,
16.0,350.0,
16.0,354.0,
16.0,358.0,
20.0,2.0,
20.0,6.0,
20.0,10.0,
20.0,14.0,
20.0,18.0,
20.0,22.0,
20.0,26.0,
20.0,30.0,
20.0,34.0,
20.0,38.0,0.520291
20.0,42.0,0.5217705
20.0,46.0,
20.0,50.0,
20.0,54.0,
20.0,58.0,0.734499
20.0,62.0,0.75942445
20.0,66.0,0.7930186
20.0,70.0,0.71453655
20.0,74.0,0.6142483
20.0,78.0,
20.0,82.0,
20.0,86.0,0.6375088
20.0,90.0,0.6182599
20.0,94.0,0.5262764
20.0,98.0,
20.0,102.0,
20.0,106.0,0.20417328
20.0,110.0,0.26918373
20.0,114.0,0.5273657
20.0,118.0,0.6226065
20.0,122.0,0.6179408
20.0,126.0,0.626631
20.0,130.0,0.66214514
20.0,134.0,0.6902927
20.0,138.0,0.7005323
20.0,142.0,0.6995567
20.0,146.0,0.6961553
20.0,150.0,0.680652
20.0,154.0,0.6663457
20.0,158.0,0.6627046
20.0,162.0,0.6935543
20.0,166.0,0.731563
20.0,170.0,0.75820935
20.0,174.0,0.7898004
20.0,178.0,0.8285034
20.0,182.0,0.87596536
20.0,186.0,0.9156394
20.0,190.0,0.9390278
20.0,194.0,0.9367199
20.0,198.0,0.92032826
20.0,202.0,0.8738686
20.0,206.0,0.8291316
20.0,210.0,0.81436324
20.0,214.0,0.7918073
20.0,218.0,0.7800051
20.0,222.0,0.7699809
20.0,226.0,0.73065114
20.0,230.0,0.70497966
20.0,234.0,0.6862773
20.0,238.0,0.66318405
20.0,242.0,0.65053165
20.0,246.0,0.6168525
20.0,250.0,0.65953887
20.0,254.0,0.7211147
20.0,258.0,
20.0,262.0,0.585248
20.0,266.0,0.6406711
20.0,270.0,0.6757142
20.0,274.0,0.7389251
20.0,278.0,0.7342049
20.0,282.0,0.7036475
20.0,286.0,0.6451654
20.0,290.0,0.62442625
20.0,294.0,0.64731085
20.0,298.0,0.6465517
20.0,302.0,0.61999774
20.0,306.0,0.5937265
20.0,310.0,0.56472147
20.0,314.0,0.5332825
20.0,318.0,0.4958135
20.0,322.0,0.46222603
20.0,326.0,0.4365393
20.0,330.0,0.41159117
20.0,334.0,0.39340448
20.0,338.0,0.3850143
20.0,342.0,0.38327852
20.0,346.0,
20.0,350.0,
20.0,354.0,
20.0,358.0,
24.0,2.0,
24.0,6.0,
24.0,10.0,
24.0,14.0,
24.0,18.0,
24.0,22.0,
24.0,26.0,
24.0,30.0,
24.0,34.0,0.4754882
24.0,38.0,0.5079278
24.0,42.0,
24.0,46.0,
24.0,50.0,
24.0,54.0,0.86116856
24.0,58.0,0.92215824
24.0,62.0,0.8194855
24.0,66.0,0.8028816
24.0,70.0,0.7888384
24.0,74.0,
24.0,78.0,
24.0,82.0,
24.0,86.0,
24.0,90.0,
24.0,94.0,
24.0,98.0,
24.0,102.0,
24.0,106.0,
24.0,110.0,
24.0,114.0,0.43282256
24.0,118.0,0.48565745
24.0,122.0,0.5497227
24.0,126.0,0.5505018
24.0,130.0,0.5177772
24.0,134.0,0.5605165
24.0,138.0,0.60842013
24.0,142.0,0.6430993
24.0,146.0,0.63676167
24.0,150.0,0.6113616
24.0,154.0,0.60340476
24.0,158.0,0.60285354
24.0,162.0,0.6141416
24.0,166.0,0.63803077
24.0,170.0,0.65714014
24.0,174.0,0.6766194
24.0,178.0,0.7178167
24.0,182.0,0.7821485
24.0,186.0,0.86202943
24.0,190.0,0.91015506
24.0,194.0,0.9149493
24.0,198.0,0.8967184
24.0,202.0,0.8745644
24.0,206.0,0.85099924
24.0,210.0,0.8360609
24.0,214.0,0.8280451
24.0,218.0,0.81020033
24.0,222.0,0.7886114
24.0,226.0,0.7667092
24.0,230.0,0.7267482
24.0,234.0,0.6822581
24.0,238.0,0.61219716
24.0,242.0,0.5833404
24.0,246.0,0.4863031
24.0,250.0,0.5954332
24.0,254.0,0.6341961
24.0,258.0,
24.0,262.0,0.5758171
24.0,266.0,0.6423265
24.0,270.0,0.6724762
24.0,274.0,0.7192966
24.0,278.0,0.720119
24.0,282.0,0.6810792
24.0,286.0,0.62504745
24.0,290.0,0.58940303
24.0,294.0,0.582672
24.0,298.0,0.5853913
24.0,302.0,0.5882689
24.0,306.0,0.5893799
24.0,310.0,0.5837339
24.0,314.0,0.5562916
24.0,318.0,0.5186837
24.0,322.0,0.46649253
24.0,326.0,0.4088744
24.0,330.0,0.3494234
24.0,334.0,0.30390477
24.0,338.0,0.29152834
24.0,342.0,0.30068934
24.0,346.0,0.25456873
24.0,350.0,
24.0,354.0,
24.0,358.0,
28.0,2.0,
28.0,6.0,
28.0,10.0,
28.0,14.0,
28.0,18.0,
28.0,22.0,
28.0,26.0,
28.0,30.0,
28.0,34.0,0.47418976
28.0,38.0,
28.0,42.0,
28.0,46.0,
28.0,50.0,0.8785984
28.0,54.0,0.8575775
28.0,58.0,0.9118748
28.0,62.0,
28.0,66.0,
28.0,70.0,
28.0,74.0,
28.0,78.0,
28.0,82.0,
28.0,86.0,
28.0,90.0,
28.0,94.0,
28.0,98.0,
28.0,102.0,
28.0,106.0,
28.0,110.0,
28.0,114.0,
28.0,118.0,
28.0,122.0,0.50030863
28.0,126.0,0.51263654
28.0,130.0,0.4447912
28.0,134.0,0.40975177
28.0,138.0,0.45218682
28.0,142.0,0.5029415
28.0,146.0,0.5396503
28.0,150.0,0.54889536
28.0,154.0,0.5590699
28.0,158.0,0.56641626
28.0,162.0,0.5786977
28.0,166.0,0.58803046
28.0,170.0,0.59420085
28.0,174.0,0.58654344
28.0,178.0,0.5885204
28.0,182.0,0.65004396
28.0,186.0,0.74184597
28.0,190.0,0.80584705
28.0,194.0,0.8460076
28.0,198.0,0.8703563
28.0,202.0,0.89351916
28.0,206.0,0.9034927
28.0,210.0,0.8949213
28.0,214.0,0.868646
28.0,218.0,0.82874525
28.0,222.0,0.76178753
28.0,226.0,0.71894693
28.0,230.0,0.6986294
28.0,234.0,0.6542171
28.0,238.0,0.61886823
28.0,242.0,0.61372185
28.0,246.0,0.5701122
28.0,250.0,0.6256097
28.0,254.0,
28.0,258.0,
28.0,262.0,0.5228462
28.0,266.0,0.56330603
28.0,270.0,0.6277739
28.0,274.0,0.5916301
28.0,278.0,0.60048294
28.0,282.0,0.66131663
28.0,286.0,0.57888246
28.0,290.0,0.54966855
28.0,294.0,0.5514163
28.0,298.0,0.556607
28.0,302.0,0.556566
28.0,306.0,0.5718026
28.0,310.0,0.59227645
28.0,314.0,0.59626603
28.0,318.0,0.57661235
28.0,322.0,0.54452515
28.0,326.0,0.5139719
28.0,330.0,0.4490459
28.0,334.0,0.3741747
28.0,338.0,0.3150215
28.0,342.0,0.2756195
28.0,346.0,0.20808044
28.0,350.0,0.20444298
28.0,354.0,
28.0,358.0,
32.0,2.0,
32.0,6.0,
32.0,10.0,0.7220459
32.0,14.0,0.6962325
32.0,18.0,0.622886
32.0,22.0,0.5624298
32.0,26.0,0.5336827
32.0,30.0,0.50049627
32.0,34.0,0.4306484
32.0,38.0,
32.0,42.0,
32.0,46.0,
32.0,50.0,
32.0,54.0,
32.0,58.0,
32.0,62.0,
32.0,66.0,
32.0,70.0,
32.0,74.0,
32.0,78.0,
32.0,82.0,
32.0,86.0,
32.0,90.0,
32.0,94.0,
32.0,98.0,
32.0,102.0,
32.0,106.0,
32.0,110.0,
32.0,114.0,
32.0,118.0,
32.0,122.0,0.39892426
32.0,126.0,0.45192146
32.0,130.0,0.4255816
32.0,134.0,0.37604576
32.0,138.0,0.36563313
32.0,142.0,0.3890015
32.0,146.0,0.40547705
32.0,150.0,0.3991586
32.0,154.0,0.41416156
32.0,158.0,0.43015444
32.0,162.0,0.44026804
32.0,166.0,0.4697503
32.0,170.0,0.48443055
32.0,174.0,0.5136368
32.0,178.0,0.52747273
32.0,182.0,0.5429568
32.0,186.0,0.600109
32.0,190.0,0.6757008
32.0,194.0,0.7248323
32.0,198.0,0.76171017
32.0,202.0,0.79525423
32.0,206.0,0.83796453
32.0,210.0,0.8728032
32.0,214.0,0.8785869
32.0,218.0,0.8407023
32.0,222.0,0.78459656
32.0,226.0,0.7424319
32.0,230.0,0.6961092
32.0,234.0,0.6347444
32.0,238.0,0.61972344
32.0,242.0,0.631124
32.0,246.0,
32.0,250.0,
32.0,254.0,
32.0,258.0,
32.0,262.0,
32.0,266.0,
32.0,270.0,
32.0,274.0,
32.0,278.0,0.58781815
32.0,282.0,0.5935308
32.0,286.0,0.52283597
32.0,290.0,0.46270335
32.0,294.0,0.4950447
32.0,298.0,0.52404463
32.0,302.0,0.55136883
32.0,306.0,0.58130157
32.0,310.0,0.58231986
32.0,314.0,0.58323205
32.0,318.0,0.5662123
32.0,322.0,0.5425842
32.0,326.0,0.5523648
32.0,330.0,0.53680956
32.0,334.0,0.50329614
32.0,338.0,0.47763062
32.0,342.0,0.43386793
32.0,346.0,0.33920765
32.0,350.0,0.2720186
32.0,354.0,
32.0,358.0,
36.0,2.0,0.73937386
36.0,6.0,0.75668335
36.0,10.0,0.71560264
36.0,14.0,0.6951075
36.0,18.0,0.63275826
36.0,22.0,0.52941066
36.0,26.0,0.46546695
36.0,30.0,0.46342036
36.0,34.0,0.38121065
36.0,38.0,
36.0,42.0,
36.0,46.0,
36.0,50.0,
36.0,54.0,
36.0,58.0,
36.0,62.0,
36.0,66.0,
36.0,70.0,
36.0,74.0,
36.0,78.0,
36.0,82.0,
36.0,86.0,
36.0,90.0,
36.0,94.0,
36.0,98.0,
36.0,102.0,
36.0,106.0,
36.0,110.0,
36.0,114.0,
36.0,118.0,
36.0,122.0,0.34701106
36.0,126.0,0.39958984
36.0,130.0,0.40283793
36.0,134.0,0.34357643
36.0,138.0,0.3440064
36.0,142.0,0.34843567
36.0,146.0,0.3452258
36.0,150.0,0.32322478
36.0,154.0,0.2963736
36.0,158.0,0.30598378
36.0,162.0,0.3256048
36.0,166.0,0.35274422
36.0,170.0,0.39472532
36.0,174.0,0.4470601
36.0,178.0,0.48005497
36.0,182.0,0.49075174
36.0,186.0,0.5349091
36.0,190.0,0.6065794
36.0,194.0,0.65102744
36.0,198.0,0.6698282
36.0,202.0,0.6770036
36.0,206.0,0.6933211
36.0,210.0,0.7060151
36.0,214.0,0.7041209
36.0,218.0,0.65880895
36.0,222.0,0.6552962
36.0,226.0,0.7037499
36.0,230.0,0.67780626
36.0,234.0,0.6097039
36.0,238.0,0.6209225
36.0,242.0,
36.0,246.0,
36.0,250.0,
36.0,254.0,
36.0,258.0,
36.0,262.0,
36.0,266.0,
36.0,270.0,
36.0,274.0,
36.0,278.0,
36.0,282.0,0.43283844
36.0,286.0,0.44759023
36.0,290.0,0.44797277
36.0,294.0,0.41429913
36.0,298.0,0.41730106
36.0,302.0,0.46099114
36.0,306.0,0.5312544
36.0,310.0,0.567847
36.0,314.0,0.5613086
36.0,318.0,0.5576191
36.0,322.0,0.55118096
36.0,326.0,0.51416683
36.0,330.0,0.5028448
36.0,334.0,0.5027524
36.0,338.0,0.5268986
36.0,342.0,0.54754674
36.0,346.0,0.5249603
36.0,350.0,0.47178015
36.0,354.0,0.41218928
36.0,358.0,0.59698343
40.0,2.0,0.7455121
40.0,6.0,0.69773364
40.0,10.0,0.70672387
40.0,14.0,0.726106
40.0,18.0,0.6850033
40.0,22.0,0.49000454
40.0,26.0,0.4084985
40.0,30.0,0.47232246
40.0,34.0,
40.0,38.0,0.47141314
40.0,42.0,0.49147034
40.0,46.0,
40.0,50.0,
40.0,54.0,
40.0,58.0,
40.0,62.0,
40.0,66.0,
40.0,70.0,
40.0,74.0,
40.0,78.0,
40.0,82.0,
40.0,86.0,
40.0,90.0,
40.0,94.0,
40.0,98.0,
40.0,102.0,
40.0,106.0,
40.0,110.0,
40.0,114.0,
40.0,118.0,0.53102845
40.0,122.0,0.51314306
40.0,126.0,0.5967763
40.0,130.0,0.5797066
40.0,134.0,0.4753235
40.0,138.0,0.37886006
40.0,142.0,0.3645529
40.0,146.0,0.2621345
40.0,150.0,0.21045285
40.0,154.0,0.22238016
40.0,158.0,0.2562117
40.0,162.0,0.28649527
40.0,166.0,0.34187204
40.0,170.0,0.38088965
40.0,174.0,0.40643078
40.0,178.0,0.431265
40.0,182.0,0.4430771
40.0,186.0,0.4647258
40.0,190.0,0.49666983
40.0,194.0,0.5396246
40.0,198.0,0.5624823
40.0,202.0,0.53886575
40.0,206.0,0.5117245
40.0,210.0,0.49355292
40.0,214.0,0.46164924
40.0,218.0,0.4041556
40.0,222.0,0.43904442
40.0,226.0,0.5820269
40.0,230.0,0.63965404
40.0,234.0,0.5855463
40.0,238.0,0.59562016
40.0,242.0,
40.0,246.0,
40.0,250.0,
40.0,254.0,
40.0,258.0,
40.0,262.0,
40.0,266.0,
40.0,270.0,
40.0,274.0,
40.0,278.0,
40.0,282.0,
40.0,286.0,0.33467364
40.0,290.0,0.1981417
40.0,294.0,-0.07482946
40.0,298.0,-0.13445055
40.0,302.0,-0.07022011
40.0,306.0,0.06718469
40.0,310.0,0.18045163
40.0,314.0,0.17203653
40.0,318.0,0.064302206
40.0,322.0,0.18932366
40.0,326.0,0.49610674
40.0,330.0,0.5125363
40.0,334.0,0.4664793
40.0,338.0,0.4346937
40.0,342.0,0.4787737
40.0,346.0,0.5802059
40.0,350.0,0.6391201
40.0,354.0,
40.0,358.0,
44.0,2.0,0.6715107
44.0,6.0,0.66297036
44.0,10.0,0.68457574
44.0,14.0,0.8063825
44.0,18.0,0.7843189
44.0,22.0,
44.0,26.0,
44.0,30.0,0.5238349
44.0,34.0,0.4902572
44.0,38.0,0.475521
44.0,42.0,0.49874878
44.0,46.0,
44.0,50.0,
44.0,54.0,
44.0,58.0,
44.0,62.0,
44.0,66.0,
44.0,70.0,
44.0,74.0,
44.0,78.0,
44.0,82.0,
44.0,86.0,
44.0,90.0,
44.0,94.0,
44.0,98.0,
44.0,102.0,
44.0,106.0,
44.0,110.0,
44.0,114.0,
44.0,118.0,
44.0,122.0,
44.0,126.0,
44.0,130.0,0.72265244
44.0,134.0,0.5700499
44.0,138.0,0.41102538
44.0,142.0,0.37102956
44.0,146.0,0.45968094
44.0,150.0,0.58134615
44.0,154.0,0.6018122
44.0,158.0,0.5800245
44.0,162.0,0.61798143
44.0,166.0,0.649579
44.0,170.0,0.6861021
44.0,174.0,0.69097674
44.0,178.0,0.69016343
44.0,182.0,0.67516696
44.0,186.0,0.62969625
44.0,190.0,0.5448265
44.0,194.0,0.49870276
44.0,198.0,0.45963663
44.0,202.0,0.39810997
44.0,206.0,0.3429199
44.0,210.0,0.28848606
44.0,214.0,0.23577017
44.0,218.0,0.19860226
44.0,222.0,0.26415676
44.0,226.0,0.4356721
44.0,230.0,0.5765414
44.0,234.0,0.5996335
44.0,238.0,
44.0,242.0,
44.0,246.0,
44.0,250.0,
44.0,254.0,
44.0,258.0,
44.0,262.0,
44.0,266.0,
44.0,270.0,
44.0,274.0,
44.0,278.0,
44.0,282.0,
44.0,286.0,
44.0,290.0,0.03402748
44.0,294.0,-0.31500116
44.0,298.0,-1.3535297
44.0,302.0,-1.6633395
44.0,306.0,-0.9042551
44.0,310.0,-0.9304966
44.0,314.0,-1.071975
44.0,318.0,-0.85262614
44.0,322.0,-0.095449746
44.0,326.0,0.6596731
44.0,330.0,0.877959
44.0,334.0,0.73489773
44.0,338.0,0.5858202
44.0,342.0,0.47612643
44.0,346.0,0.51180696
44.0,350.0,0.5970178
44.0,354.0,0.66372913
44.0,358.0,0.7481551
48.0,2.0,
48.0,6.0,
48.0,10.0,
48.0,14.0,
48.0,18.0,
48.0,22.0,
48.0,26.0,
48.0,30.0,
48.0,34.0,
48.0,38.0,
48.0,42.0,
48.0,46.0,
48.0,50.0,
48.0,54.0,
48.0,58.0,
48.0,62.0,
48.0,66.0,
48.0,70.0,
48.0,74.0,
48.0,78.0,
48.0,82.0,
48.0,86.0,
48.0,90.0,
48.0,94.0,
48.0,98.0,
48.0,102.0,
48.0,106.0,
48.0,110.0,
48.0,114.0,
48.0,118.0,
48.0,122.0,
48.0,126.0,
48.0,130.0,
48.0,134.0,
48.0,138.0,0.37099552
48.0,142.0,0.3603335
48.0,146.0,0.8782624
48.0,150.0,1.0760348
48.0,154.0,1.0669472
48.0,158.0,1.0138848
48.0,162.0,0.9898136
48.0,166.0,1.0490373
48.0,170.0,1.0831175
48.0,174.0,1.0407449
48.0,178.0,0.9684964
48.0,182.0,0.8906926
48.0,186.0,0.7979818
48.0,190.0,0.6723182
48.0,194.0,0.5832027
48.0,198.0,0.517283
48.0,202.0,0.4203651
48.0,206.0,0.33109295
48.0,210.0,0.257917
48.0,214.0,0.19075215
48.0,218.0,0.18211156
48.0,222.0,0.27854508
48.0,226.0,0.44984835
48.0,230.0,0.55536413
48.0,234.0,0.58105356
48.0,238.0,0.6033821
48.0,242.0,
48.0,246.0,
48.0,250.0,
48.0,254.0,
48.0,258.0,
48.0,262.0,
48.0,266.0,
48.0,270.0,
48.0,274.0,
48.0,278.0,
48.0,282.0,
48.0,286.0,
48.0,290.0,
48.0,294.0,0.40962523
48.0,298.0,0.25527573
48.0,302.0,-0.15786046
48.0,306.0,0.57174623
48.0,310.0,0.87164724
48.0,314.0,0.8193872
48.0,318.0,0.4975203
48.0,322.0,0.5293435
48.0,326.0,0.9412261
48.0,330.0,1.1806015
48.0,334.0,1.304258
48.0,338.0,1.2986681
48.0,342.0,0.88544166
48.0,346.0,0.5491977
48.0,350.0,0.5258021
48.0,354.0,0.629942
48.0,358.0,0.7906697
52.0,2.0,1.0547591
52.0,6.0,1.1081889
52.0,10.0,
52.0,14.0,
52.0,18.0,
52.0,22.0,
52.0,26.0,
52.0,30.0,
52.0,34.0,
52.0,38.0,
52.0,42.0,
52.0,46.0,
52.0,50.0,
52.0,54.0,
52.0,58.0,
52.0,62.0,
52.0,66.0,
52.0,70.0,
52.0,74.0,
52.0,78.0,
52.0,82.0,
52.0,86.0,
52.0,90.0,
52.0,94.0,
52.0,98.0,
52.0,102.0,
52.0,106.0,
52.0,110.0,
52.0,114.0,
52.0,118.0,
52.0,122.0,
52.0,126.0,
52.0,130.0,
52.0,134.0,
52.0,138.0,
52.0,142.0,0.6408116
52.0,146.0,1.0156014
52.0,150.0,1.3387402
52.0,154.0,1.2909994
52.0,158.0,0.9996707
52.0,162.0,0.92956746
52.0,166.0,0.9646579
52.0,170.0,0.9843503
52.0,174.0,0.9428839
52.0,178.0,0.87602806
52.0,182.0,0.7836386
52.0,186.0,0.6839458
52.0,190.0,0.6028437
52.0,194.0,0.5845723
52.0,198.0,0.5608124
52.0,202.0,0.49082983
52.0,206.0,0.43331227
52.0,210.0,0.41477048
52.0,214.0,0.38886833
52.0,218.0,0.4011991
52.0,222.0,0.49164963
52.0,226.0,0.58733034
52.0,230.0,0.5915037
52.0,234.0,
52.0,238.0,
52.0,242.0,
52.0,246.0,
52.0,250.0,
52.0,254.0,
52.0,258.0,
52.0,262.0,
52.0,266.0,
52.0,270.0,
52.0,274.0,
52.0,278.0,0.42553222
52.0,282.0,0.4000179
52.0,286.0,
52.0,290.0,
52.0,294.0,
52.0,298.0,
52.0,302.0,1.0298162
52.0,306.0,1.0979868
52.0,310.0,1.277349
52.0,314.0,1.2862983
52.0,318.0,1.2478406
52.0,322.0,1.5000702
52.0,326.0,1.6267313
52.0,330.0,1.5682801
52.0,334.0,1.5856897
52.0,338.0,1.3594577
52.0,342.0,0.89065385
52.0,346.0,0.6391168
52.0,350.0,0.6137266
52.0,354.0,0.8131397
52.0,358.0,0.89993143
56.0,2.0,0.94155884
56.0,6.0,0.9632327
56.0,10.0,0.932953
56.0,14.0,0.8397665
56.0,18.0,0.8080707
56.0,22.0,0.8767708
56.0,26.0,
56.0,30.0,
56.0,34.0,
56.0,38.0,
56.0,42.0,
56.0,46.0,
56.0,50.0,
56.0,54.0,
56.0,58.0,
56.0,62.0,
56.0,66.0,
56.0,70.0,
56.0,74.0,
56.0,78.0,
56.0,82.0,
56.0,86.0,
56.0,90.0,
56.0,94.0,
56.0,98.0,
56.0,102.0,
56.0,106.0,
56.0,110.0,
56.0,114.0,
56.0,118.0,
56.0,122.0,
56.0,126.0,
56.0,130.0,
56.0,134.0,
56.0,138.0,0.88964677
56.0,142.0,0.90035695
56.0,146.0,0.9731091
56.0,150.0,1.1184198
56.0,154.0,1.1309358
56.0,158.0,0.81831
56.0,162.0,0.92427295
56.0,166.0,0.8908548
56.0,170.0,0.847719
56.0,174.0,0.8449039
56.0,178.0,0.8272773
56.0,182.0,0.76080143
56.0,186.0,0.6897764
56.0,190.0,0.62485445
56.0,194.0,0.5756345
56.0,198.0,0.5357703
56.0,202.0,0.55571187
56.0,206.0,0.56749326
56.0,210.0,0.6319033
56.0,214.0,0.6439315
56.0,218.0,0.64145017
56.0,222.0,0.66409916
56.0,226.0,0.6501783
56.0,230.0,0.6321802
56.0,234.0,
56.0,238.0,
56.0,242.0,
56.0,246.0,
56.0,250.0,
56.0,254.0,
56.0,258.0,
56.0,262.0,
56.0,266.0,
56.0,270.0,0.52000386
56.0,274.0,0.5808675
56.0,278.0,0.64251596
56.0,282.0,0.82476294
56.0,286.0,
56.0,290.0,
56.0,294.0,
56.0,298.0,0.61914474
56.0,302.0,0.9797455
56.0,306.0,1.2337116
56.0,310.0,1.3951807
56.0,314.0,1.5685041
56.0,318.0,1.7079102
56.0,322.0,2.0280287
56.0,326.0,1.9362733
56.0,330.0,1.4959943
56.0,334.0,1.3224188
56.0,338.0,1.0639234
56.0,342.0,0.8790911
56.0,346.0,0.7786265
56.0,350.0,0.64617
56.0,354.0,0.73467606
56.0,358.0,0.89466506
60.0,2.0,0.6880845
60.0,6.0,0.7468707
60.0,10.0,0.8977979
60.0,14.0,
60.0,18.0,0.79251873
60.0,22.0,0.8852989
60.0,26.0,0.92952967
60.0,30.0,
60.0,34.0,
60.0,38.0,
60.0,42.0,
60.0,46.0,
60.0,50.0,
60.0,54.0,
60.0,58.0,
60.0,62.0,
60.0,66.0,
60.0,70.0,
60.0,74.0,
60.0,78.0,
60.0,82.0,
60.0,86.0,
60.0,90.0,
60.0,94.0,
60.0,98.0,
60.0,102.0,
60.0,106.0,
60.0,110.0,
60.0,114.0,
60.0,118.0,
60.0,122.0,
60.0,126.0,
60.0,130.0,
60.0,134.0,
60.0,138.0,
60.0,142.0,0.94631296
60.0,146.0,0.909029
60.0,150.0,0.8693554
60.0,154.0,0.80112827
60.0,158.0,0.6841005
60.0,162.0,0.7857202
60.0,166.0,0.97090274
60.0,170.0,0.9741171
60.0,174.0,1.0887449
60.0,178.0,1.0799575
60.0,182.0,1.0214034
60.0,186.0,0.94893634
60.0,190.0,0.76061517
60.0,194.0,0.54973084
60.0,198.0,0.46857488
60.0,202.0,0.4676641
60.0,206.0,0.6465847
60.0,210.0,0.7341766
60.0,214.0,0.7937121
60.0,218.0,0.77349263
60.0,222.0,0.74762183
60.0,226.0,
60.0,230.0,
60.0,234.0,
60.0,238.0,
60.0,242.0,
60.0,246.0,
60.0,250.0,
60.0,254.0,
60.0,258.0,
60.0,262.0,
60.0,266.0,0.4644573
60.0,270.0,0.5013772
60.0,274.0,0.54506534
60.0,278.0,0.60959995
60.0,282.0,0.743706
60.0,286.0,
60.0,290.0,0.5004528
60.0,294.0,0.45108238
60.0,298.0,0.6424867
60.0,302.0,1.29578
60.0,306.0,1.4489077
60.0,310.0,1.7180715
60.0,314.0,2.0857146
60.0,318.0,2.681619
60.0,322.0,1.623002
60.0,326.0,1.6129327
60.0,330.0,1.3021898
60.0,334.0,1.0614977
60.0,338.0,0.94274026
60.0,342.0,0.86048824
60.0,346.0,0.77234274
60.0,350.0,0.6856127
60.0,354.0,0.6493034
60.0,358.0,0.66453856
64.0,2.0,0.56930083
64.0,6.0,0.6164481
64.0,10.0,0.6305435
64.0,14.0,
64.0,18.0,0.77227145
64.0,22.0,0.6449858
64.0,26.0,
64.0,30.0,
64.0,34.0,
64.0,38.0,
64.0,42.0,
64.0,46.0,
64.0,50.0,
64.0,54.0,
64.0,58.0,
64.0,62.0,
64.0,66.0,
64.0,70.0,
64.0,74.0,
64.0,78.0,
64.0,82.0,
64.0,86.0,
64.0,90.0,
64.0,94.0,
64.0,98.0,
64.0,102.0,
64.0,106.0,
64.0,110.0,
64.0,114.0,
64.0,118.0,
64.0,122.0,
64.0,126.0,
64.0,130.0,
64.0,134.0,
64.0,138.0,
64.0,142.0,
64.0,146.0,
64.0,150.0,
64.0,154.0,
64.0,158.0,
64.0,162.0,
64.0,166.0,
64.0,170.0,
64.0,174.0,
64.0,178.0,1.1793486
64.0,182.0,1.1199423
64.0,186.0,1.0313922
64.0,190.0,0.773391
64.0,194.0,0.5326658
64.0,198.0,0.4332242
64.0,202.0,
64.0,206.0,
64.0,210.0,
64.0,214.0,
64.0,218.0,
64.0,222.0,
64.0,226.0,
64.0,230.0,
64.0,234.0,
64.0,238.0,
64.0,242.0,
64.0,246.0,
64.0,250.0,
64.0,254.0,
64.0,258.0,
64.0,262.0,
64.0,266.0,
64.0,270.0,0.4748627
64.0,274.0,0.5096744
64.0,278.0,0.5065314
64.0,282.0,0.51197153
64.0,286.0,0.5160783
64.0,290.0,0.5103314
64.0,294.0,0.43856996
64.0,298.0,0.5172111
64.0,302.0,1.1050692
64.0,306.0,1.5774784
64.0,310.0,1.7005334
64.0,314.0,
64.0,318.0,3.3965373
64.0,322.0,2.38251
64.0,326.0,1.4982812
64.0,330.0,1.0360947
64.0,334.0,0.92614627
64.0,338.0,0.81963426
64.0,342.0,0.7259181
64.0,346.0,0.724876
64.0,350.0,0.7351563
64.0,354.0,0.6878338
64.0,358.0,0.58564544
68.0,2.0,0.5003636
68.0,6.0,0.5751634
68.0,10.0,0.61594105
68.0,14.0,0.6104657
68.0,18.0,0.590822
68.0,22.0,
68.0,26.0,
68.0,30.0,
68.0,34.0,0.45494953
68.0,38.0,0.36259446
68.0,42.0,0.33850405
68.0,46.0,0.30766204
68.0,50.0,0.2613447
68.0,54.0,0.21899062
68.0,58.0,0.16870072
68.0,62.0,
68.0,66.0,0.15743536
68.0,70.0,
68.0,74.0,
68.0,78.0,
68.0,82.0,
68.0,86.0,
68.0,90.0,
68.0,94.0,
68.0,98.0,
68.0,102.0,
68.0,106.0,
68.0,110.0,
68.0,114.0,
68.0,118.0,
68.0,122.0,
68.0,126.0,
68.0,130.0,
68.0,134.0,
68.0,138.0,
68.0,142.0,
68.0,146.0,
68.0,150.0,
68.0,154.0,
68.0,158.0,
68.0,162.0,1.1825272
68.0,166.0,
68.0,170.0,1.2878805
68.0,174.0,
68.0,178.0,0.9335116
68.0,182.0,0.93556166
68.0,186.0,1.0057018
68.0,190.0,0.91379446
68.0,194.0,0.82826996
68.0,198.0,
68.0,202.0,
68.0,206.0,
68.0,210.0,
68.0,214.0,
68.0,218.0,
68.0,222.0,0.37996683
68.0,226.0,0.40909293
68.0,230.0,
68.0,234.0,
68.0,238.0,0.37823984
68.0,242.0,0.38093957
68.0,246.0,
68.0,250.0,
68.0,254.0,
68.0,258.0,0.3969807
68.0,262.0,0.38706392
68.0,266.0,
68.0,270.0,0.33852887
68.0,274.0,0.31893387
68.0,278.0,0.5147185
68.0,282.0,0.5341017
68.0,286.0,0.55562305
68.0,290.0,
68.0,294.0,0.56684345
68.0,298.0,0.5442414
68.0,302.0,0.5114923
68.0,306.0,0.5355358
68.0,310.0,
68.0,314.0,
68.0,318.0,
68.0,322.0,
68.0,326.0,1.6011447
68.0,330.0,1.4122503
68.0,334.0,1.1909432
68.0,338.0,1.0144004
68.0,342.0,0.9464533
68.0,346.0,0.9834345
68.0,350.0,0.9112461
68.0,354.0,0.6770412
68.0,358.0,0.5137803
72.0,2.0,0.23361343
72.0,6.0,0.27591
72.0,10.0,0.32344463
72.0,14.0,0.3812195
72.0,18.0,0.39054167
72.0,22.0,0.36289284
72.0,26.0,0.36097035
72.0,30.0,0.44544294
72.0,34.0,0.45386398
72.0,38.0,0.3478207
72.0,42.0,0.2991886
72.0,46.0,0.27229288
72.0,50.0,0.26069936
72.0,54.0,0.23750618
72.0,58.0,0.23839141
72.0,62.0,0.2225357
72.0,66.0,0.17435835
72.0,70.0,0.18451524
72.0,74.0,0.13721856
72.0,78.0,0.16051525
72.0,82.0,0.1940065
72.0,86.0,
72.0,90.0,
72.0,94.0,
72.0,98.0,
72.0,102.0,
72.0,106.0,
72.0,110.0,
72.0,114.0,
72.0,118.0,0.45102096
72.0,122.0,0.5084782
72.0,126.0,
72.0,130.0,0.5582873
72.0,134.0,0.61545736
72.0,138.0,0.6396061
72.0,142.0,0.59451705
72.0,146.0,0.5877416
72.0,150.0,0.657675
72.0,154.0,0.7448904
72.0,158.0,0.7953184
72.0,162.0,0.8997865
72.0,166.0,0.932196
72.0,170.0,0.8933337
72.0,174.0,0.8055276
72.0,178.0,0.75267756
72.0,182.0,0.751717
72.0,186.0,0.76479816
72.0,190.0,0.78169996
72.0,194.0,0.80210054
72.0,198.0,0.7776736
72.0,202.0,0.6631138
72.0,206.0,0.51973706
72.0,210.0,0.46984497
72.0,214.0,0.44418693
72.0,218.0,0.41263625
72.0,222.0,0.38317057
72.0,226.0,0.35946658
72.0,230.0,0.3302383
72.0,234.0,0.31110474
72.0,238.0,0.345326
72.0,242.0,0.36614823
72.0,246.0,0.16852482
72.0,250.0,0.12286806
72.0,254.0,0.09643483
72.0,258.0,0.18884651
72.0,262.0,0.26815435
72.0,266.0,0.23565765
72.0,270.0,0.24937415
72.0,274.0,
72.0,278.0,
72.0,282.0,0.41894472
72.0,286.0,0.48554388
72.0,290.0,0.49706903
72.0,294.0,0.4968021
72.0,298.0,0.49135858
72.0,302.0,0.5033904
72.0,306.0,0.51870775
72.0,310.0,
72.0,314.0,
72.0,318.0,
72.0,322.0,
72.0,326.0,
72.0,330.0,
72.0,334.0,
72.0,338.0,0.34096578
72.0,342.0,0.31573266
72.0,346.0,0.32380363
72.0,350.0,0.2793072
72.0,354.0,0.21380994
72.0,358.0,0.2006778
76.0,2.0,-0.008115299
76.0,6.0,-0.0919977
76.0,10.0,0.004800372
76.0,14.0,0.14185216
76.0,18.0,0.15843938
76.0,22.0,0.11200606
76.0,26.0,0.08766545
76.0,30.0,0.11615225
76.0,34.0,0.12617731
76.0,38.0,0.1350577
76.0,42.0,0.1549885
76.0,46.0,0.16943215
76.0,50.0,0.17798235
76.0,54.0,0.15799834
76.0,58.0,0.1424964
76.0,62.0,0.18051708
76.0,66.0,0.1917787
76.0,70.0,0.16956675
76.0,74.0,0.18490669
76.0,78.0,0.21720956
76.0,82.0,0.2553118
76.0,86.0,0.2833504
76.0,90.0,0.30131546
76.0,94.0,0.31915814
76.0,98.0,0.34326655
76.0,102.0,0.34338254
76.0,106.0,0.21445066
76.0,110.0,0.24449626
76.0,114.0,0.29916582
76.0,118.0,0.34130087
76.0,122.0,0.3801452
76.0,126.0,0.4072253
76.0,130.0,0.43995774
76.0,134.0,0.4689191
76.0,138.0,0.43230942
76.0,142.0,0.3959678
76.0,146.0,0.37794733
76.0,150.0,0.37365118
76.0,154.0,0.37514496
76.0,158.0,0.3479476
76.0,162.0,0.33069646
76.0,166.0,0.32968646
76.0,170.0,0.31969726
76.0,174.0,0.31023803
76.0,178.0,0.29706722
76.0,182.0,0.2732303
76.0,186.0,0.25533915
76.0,190.0,0.25575474
76.0,194.0,0.26954275
76.0,198.0,0.259647
76.0,202.0,0.22856328
76.0,206.0,0.19672933
76.0,210.0,0.16821727
76.0,214.0,0.14725548
76.0,218.0,0.13284293
76.0,222.0,0.12097163
76.0,226.0,0.10993788
76.0,230.0,0.10253421
76.0,234.0,0.108365625
76.0,238.0,0.11751923
76.0,242.0,0.18711214
76.0,246.0,0.09740482
76.0,250.0,0.095881425
76.0,254.0,0.069126986
76.0,258.0,0.08364364
76.0,262.0,0.05829048
76.0,266.0,0.06014676
76.0,270.0,0.06925447
76.0,274.0,0.17309709
76.0,278.0,0.32687733
76.0,282.0,0.2478073
76.0,286.0,0.2399331
76.0,290.0,0.33800498
76.0,294.0,0.45077258
76.0,298.0,0.50119114
76.0,302.0,0.53198713
76.0,306.0,
76.0,310.0,
76.0,314.0,
76.0,318.0,
76.0,322.0,
76.0,326.0,
76.0,330.0,
76.0,334.0,
76.0,338.0,0.18577814
76.0,342.0,0.14610207
76.0,346.0,0.15646955
76.0,350.0,0.18150827
76.0,354.0,0.17609994
76.0,358.0,0.109405875
80.0,2.0,0.1233266
80.0,6.0,0.10125342
80.0,10.0,0.063292354
80.0,14.0,0.10392462
80.0,18.0,0.09541656
80.0,22.0,0.08929435
80.0,26.0,0.09438909
80.0,30.0,0.118709214
80.0,34.0,0.14032984
80.0,38.0,0.15962091
80.0,42.0,0.18273333
80.0,46.0,0.20089173
80.0,50.0,0.19388592
80.0,54.0,0.15712972
80.0,58.0,0.117889054
80.0,62.0,0.08346786
80.0,66.0,0.089915484
80.0,70.0,0.111139916
80.0,74.0,0.14296529
80.0,78.0,0.18095165
80.0,82.0,0.22463986
80.0,86.0,0.26933032
80.0,90.0,0.28512615
80.0,94.0,0.254746
80.0,98.0,0.22635385
80.0,102.0,0.15828654
80.0,106.0,0.15101738
80.0,110.0,0.1666647
80.0,114.0,0.18166003
80.0,118.0,0.1904681
80.0,122.0,0.19061911
80.0,126.0,0.18592659
80.0,130.0,0.1854291
80.0,134.0,0.18710405
80.0,138.0,0.18287766
80.0,142.0,0.1732539
80.0,146.0,0.16276123
80.0,150.0,0.15348305
80.0,154.0,0.14614171
80.0,158.0,0.14006843
80.0,162.0,0.13536833
80.0,166.0,0.12915093
80.0,170.0,0.12206405
80.0,174.0,0.11703493
80.0,178.0,0.1127717
80.0,182.0,0.10757286
80.0,186.0,0.10247166
80.0,190.0,0.09711173
80.0,194.0,0.091648504
80.0,198.0,0.08605903
80.0,202.0,0.08115073
80.0,206.0,0.07706237
80.0,210.0,0.07379582
80.0,214.0,0.071541905
80.0,218.0,0.06991791
80.0,222.0,0.068209395
80.0,226.0,0.065894835
80.0,230.0,0.06289214
80.0,234.0,0.059600197
80.0,238.0,0.05647076
80.0,242.0,0.053820774
80.0,246.0,0.053298496
80.0,250.0,0.049999714
80.0,254.0,0.04736746
80.0,258.0,0.052628066
80.0,262.0,0.06396558
80.0,266.0,0.07540858
80.0,270.0,0.08506858
80.0,274.0,
80.0,278.0,
80.0,282.0,0.038036227
80.0,286.0,0.048911504
80.0,290.0,0.050259735
80.0,294.0,0.043194115
80.0,298.0,
80.0,302.0,
80.0,306.0,
80.0,310.0,
80.0,314.0,
80.0,318.0,
80.0,322.0,
80.0,326.0,
80.0,330.0,
80.0,334.0,
80.0,338.0,
80.0,342.0,0.10602572
80.0,346.0,0.08575262
80.0,350.0,0.08399659
80.0,354.0,0.0965139
80.0,358.0,0.11397924
84.0,2.0,0.07026914
84.0,6.0,0.07071604
84.0,10.0,0.07105882
84.0,14.0,0.07140453
84.0,18.0,0.071232475
84.0,22.0,0.07081073
84.0,26.0,0.06973331
84.0,30.0,0.06931439
84.0,34.0,0.069099925
84.0,38.0,0.0693944
84.0,42.0,0.06942051
84.0,46.0,0.068636306
84.0,50.0,0.06734773
84.0,54.0,0.06570908
84.0,58.0,0.064693294
84.0,62.0,0.065114446
84.0,66.0,0.06699626
84.0,70.0,0.07025616
84.0,74.0,0.0742096
84.0,78.0,0.0805243
84.0,82.0,0.08915643
84.0,86.0,0.09798924
84.0,90.0,0.103030644
84.0,94.0,0.104458086
84.0,98.0,0.10256365
84.0,102.0,0.10102084
84.0,106.0,0.100295685
84.0,110.0,0.09988988
84.0,114.0,0.0997525
84.0,118.0,0.098902665
84.0,122.0,0.09666426
84.0,126.0,0.09313195
84.0,130.0,0.08911716
84.0,134.0,0.08530992
84.0,138.0,0.08230007
84.0,142.0,0.07980516
84.0,146.0,0.07837083
84.0,150.0,0.07749101
84.0,154.0,0.076859735
84.0,158.0,0.07611282
84.0,162.0,0.07500763
84.0,166.0,0.07348031
84.0,170.0,0.07171625
84.0,174.0,0.069965236
84.0,178.0,0.06805246
84.0,182.0,0.066097684
84.0,186.0,0.06447254
84.0,190.0,0.06294278
84.0,194.0,0.06187448
84.0,198.0,0.06115353
84.0,202.0,0.060748354
84.0,206.0,0.060547642
84.0,210.0,0.06049738
84.0,214.0,0.060537934
84.0,218.0,0.06062817
84.0,222.0,0.06062951
84.0,226.0,0.060562223
84.0,230.0,0.060386315
84.0,234.0,0.060129814
84.0,238.0,0.059887335
84.0,242.0,0.05969733
84.0,246.0,0.059482448
84.0,250.0,0.058997817
84.0,254.0,0.058380604
84.0,258.0,0.057893872
84.0,262.0,0.05817271
84.0,266.0,0.059563555
84.0,270.0,0.061060548
84.0,274.0,0.061332386
84.0,278.0,0.061328582
84.0,282.0,0.057886142
84.0,286.0,0.05718729
84.0,290.0,0.055725105
84.0,294.0,0.056908958
84.0,298.0,0.05865615
84.0,302.0,0.056286693
84.0,306.0,0.056911692
84.0,310.0,0.06013626
84.0,314.0,0.06881734
84.0,318.0,0.07914034
84.0,322.0,0.08641326
84.0,326.0,0.08935076
84.0,330.0,0.0746032
84.0,334.0,0.07555909
84.0,338.0,0.07649858
84.0,342.0,0.07561474
84.0,346.0,0.07236872
84.0,350.0,0.07077715
84.0,354.0,0.07026862
84.0,358.0,0.070091546
88.0,2.0,0.060231254
88.0,6.0,0.05993168
88.0,10.0,0.059784383
88.0,14.0,0.059536323
88.0,18.0,0.059423923
88.0,22.0,0.059313588
88.0,26.0,0.059173957
88.0,30.0,0.05924064
88.0,34.0,0.059432596
88.0,38.0,0.059442542
88.0,42.0,0.05969978
88.0,46.0,0.06016811
88.0,50.0,0.060312778
88.0,54.0,0.060730115
88.0,58.0,0.061115257
88.0,62.0,0.061599366
88.0,66.0,0.062003143
88.0,70.0,0.06240017
88.0,74.0,0.06282816
88.0,78.0,0.06305454
88.0,82.0,0.06327041
88.0,86.0,0.063499436
88.0,90.0,0.06354305
88.0,94.0,0.063482314
88.0,98.0,0.0634592
88.0,102.0,0.063297026
88.0,106.0,0.06300184
88.0,110.0,0.06260095
88.0,114.0,0.06219548
88.0,118.0,0.06177219
88.0,122.0,0.06127142
88.0,126.0,0.060665667
88.0,130.0,0.059952825
88.0,134.0,0.059223488
88.0,138.0,0.05857049
88.0,142.0,0.05776857
88.0,146.0,0.0572972
88.0,150.0,0.056870125
88.0,154.0,0.0565349
88.0,158.0,0.056307487
88.0,162.0,0.056185715
88.0,166.0,0.056132987
88.0,170.0,0.056157798
88.0,174.0,0.056228146
88.0,178.0,0.056287013
88.0,182.0,0.056315087
88.0,186.0,0.05631111
88.0,190.0,0.056327105
88.0,194.0,0.056355685
88.0,198.0,0.056391165
88.0,202.0,0.05644677
88.0,206.0,0.056551665
88.0,210.0,0.056730576
88.0,214.0,0.0569634
88.0,218.0,0.057230867
88.0,222.0,0.057490543
88.0,226.0,0.05770184
88.0,230.0,0.057858564
88.0,234.0,0.058269717
88.0,238.0,0.058962747
88.0,242.0,0.05902055
88.0,246.0,0.059023455
88.0,250.0,0.059195623
88.0,254.0,0.059470065
88.0,258.0,0.059674263
88.0,262.0,0.059915908
88.0,266.0,0.060159683
88.0,270.0,0.060434528
88.0,274.0,0.060724013
88.0,278.0,0.061040744
88.0,282.0,0.061354235
88.0,286.0,0.061650276
88.0,290.0,0.061932392
88.0,294.0,0.062177375
88.0,298.0,0.06237165
88.0,302.0,0.0625216
88.0,306.0,0.062598675
88.0,310.0,0.06258906
88.0,314.0,0.06253312
88.0,318.0,0.062444896
88.0,322.0,0.062270716
88.0,326.0,0.062090375
88.0,330.0,0.061899386
88.0,334.0,0.061714195
88.0,338.0,0.061527327
88.0,342.0,0.06133172
88.0,346.0,0.0611647
88.0,350.0,0.06096004
88.0,354.0,0.060684733
88.0,358.0,0.0604702
